,id,name,is_closed,url,review_count,categories,rating,latitude,longitude,address1,address2,address3,city,state,zip_code,price
0,YVERvPBMurED_1yWtigJQw,Salt Kitchen & Bar,False,https://www.yelp.com/biz/salt-kitchen-and-bar-ship-bottom?adjust_creative=4eucNo6rT7PNhkEzgMEKJQ&utm_campaign=yelp_api_v3&utm_medium=api_v3_business_search&utm_source=4eucNo6rT7PNhkEzgMEKJQ,72,"[{'alias': 'newamerican', 'title': 'American (New)'}, {'alias': 'bars', 'title': 'Bars'}, {'alias': 'seafood', 'title': 'Seafood'}]",4.0,39.6527240135516,-74.1827478672119,350 W 8th St,,,Ship Bottom,NJ,08008,
1,uMNgVdpOI22QFTkxaVo9sA,The Beach House Restaurant,False,https://www.yelp.com/biz/the-beach-house-restaurant-beach-haven-terrace?adjust_creative=4eucNo6rT7PNhkEzgMEKJQ&utm_campaign=yelp_api_v3&utm_medium=api_v3_business_search&utm_source=4eucNo6rT7PNhkEzgMEKJQ,101,"[{'alias': 'seafood', 'title': 'Seafood'}, {'alias': 'tradamerican', 'title': 'American (Traditional)'}]",4.0,39.585813,-74.223744,13015 Long Beach Blvd,,,Beach Haven Terrace,NJ,08008,$$$
2,uBMQXMgvK1iVdmS4CglCKA,Ship Bottom Shellfish,False,https://www.yelp.com/biz/ship-bottom-shellfish-ship-bottom?adjust_creative=4eucNo6rT7PNhkEzgMEKJQ&utm_campaign=yelp_api_v3&utm_medium=api_v3_business_search&utm_source=4eucNo6rT7PNhkEzgMEKJQ,294,"[{'alias': 'seafood', 'title': 'Seafood'}]",4.0,39.6443336,-74.1802819,1721 Long Beach Blvd,,,Ship Bottom,NJ,08008,$$
3,QKhSd92X3EF8fComzbA45w,The Chicken or the Egg,False,https://www.yelp.com/biz/the-chicken-or-the-egg-beach-haven?adjust_creative=4eucNo6rT7PNhkEzgMEKJQ&utm_campaign=yelp_api_v3&utm_medium=api_v3_business_search&utm_source=4eucNo6rT7PNhkEzgMEKJQ,912,"[{'alias': 'tradamerican', 'title': 'American (Traditional)'}, {'alias': 'breakfast_brunch', 'title': 'Breakfast & Brunch'}, {'alias': 'burgers', 'title': 'Burgers'}]",4.5,39.5646712,-74.2389658,207 N Bay Ave,,,Beach Haven,NJ,08008,$$
4,fstH18hKRdg5LLtocV8G_A,The Arlington,False,https://www.yelp.com/biz/the-arlington-ship-bottom?adjust_creative=4eucNo6rT7PNhkEzgMEKJQ&utm_campaign=yelp_api_v3&utm_medium=api_v3_business_search&utm_source=4eucNo6rT7PNhkEzgMEKJQ,344,"[{'alias': 'newamerican', 'title': 'American (New)'}, {'alias': 'seafood', 'title': 'Seafood'}]",3.5,39.6464704060192,-74.1779790620256,1302 Long Beach Blvd,,,Ship Bottom,NJ,08008,$$$
5,Sag_fxcfHYQz50DMZIYAmw,The Local Market & Kitchen,False,https://www.yelp.com/biz/the-local-market-and-kitchen-ship-bottom?adjust_creative=4eucNo6rT7PNhkEzgMEKJQ&utm_campaign=yelp_api_v3&utm_medium=api_v3_business_search&utm_source=4eucNo6rT7PNhkEzgMEKJQ,147,"[{'alias': 'coffee', 'title': 'Coffee & Tea'}, {'alias': 'breakfast_brunch', 'title': 'Breakfast & Brunch'}, {'alias': 'sandwiches', 'title': 'Sandwiches'}]",4.0,39.6513692696299,-74.1755733266473,604 Central Ave,,,Ship Bottom,NJ,08008,$$
6,eDWwN2p9cZWXR_GBns8uHA,Daddy O Restaurant,False,https://www.yelp.com/biz/daddy-o-restaurant-brant-beach-2?adjust_creative=4eucNo6rT7PNhkEzgMEKJQ&utm_campaign=yelp_api_v3&utm_medium=api_v3_business_search&utm_source=4eucNo6rT7PNhkEzgMEKJQ,247,"[{'alias': 'newamerican', 'title': 'American (New)'}, {'alias': 'sushi', 'title': 'Sushi Bars'}, {'alias': 'bars', 'title': 'Bars'}]",3.5,39.6299571,-74.1908815,4401 Long Beach Blvd,,,Brant Beach,NJ,08008,$$
7,M0FYV4q2MnTYedsRIx5Qyw,Parker's Garage & Oyster Saloon,False,https://www.yelp.com/biz/parkers-garage-and-oyster-saloon-beach-haven?adjust_creative=4eucNo6rT7PNhkEzgMEKJQ&utm_campaign=yelp_api_v3&utm_medium=api_v3_business_search&utm_source=4eucNo6rT7PNhkEzgMEKJQ,248,"[{'alias': 'seafood', 'title': 'Seafood'}, {'alias': 'tradamerican', 'title': 'American (Traditional)'}]",4.0,39.56623,-74.2447,116 Northwest Ave,,,Beach Haven,NJ,08008,$$$
8,7qcFKPnWDmkdgLx5V7qpyg,Russo's Italian Restaurant,False,https://www.yelp.com/biz/russos-italian-restaurant-ship-bottom?adjust_creative=4eucNo6rT7PNhkEzgMEKJQ&utm_campaign=yelp_api_v3&utm_medium=api_v3_business_search&utm_source=4eucNo6rT7PNhkEzgMEKJQ,55,"[{'alias': 'italian', 'title': 'Italian'}, {'alias': 'desserts', 'title': 'Desserts'}]",4.0,39.645941,-74.179031,1415 Long Beach Blvd,,,Ship Bottom,NJ,08008,$$
9,-2iJ2MJ2z2aZwXmeoKDrog,La Bamba Mexican Restaurant,False,https://www.yelp.com/biz/la-bamba-mexican-restaurant-brant-beach?adjust_creative=4eucNo6rT7PNhkEzgMEKJQ&utm_campaign=yelp_api_v3&utm_medium=api_v3_business_search&utm_source=4eucNo6rT7PNhkEzgMEKJQ,131,"[{'alias': 'mexican', 'title': 'Mexican'}, {'alias': 'latin', 'title': 'Latin American'}, {'alias': 'seafood', 'title': 'Seafood'}]",4.0,39.63573,-74.18714,3200 Long Beach Blvd,,,Brant Beach,NJ,08008,$$
10,leekZ2KbfEJBsY8zMshvKQ,Pinky Shrimp's Seafood Co,False,https://www.yelp.com/biz/pinky-shrimps-seafood-co-long-bch-twp?adjust_creative=4eucNo6rT7PNhkEzgMEKJQ&utm_campaign=yelp_api_v3&utm_medium=api_v3_business_search&utm_source=4eucNo6rT7PNhkEzgMEKJQ,184,"[{'alias': 'seafood', 'title': 'Seafood'}]",4.0,39.60896,-74.20549,8211 Long Beach Blvd,,,Long Bch Twp,NJ,08008,$$
11,ZGexSoY56zXVp4_amwfTNA,Biggy's Beach Grill,False,https://www.yelp.com/biz/biggys-beach-grill-beach-haven-2?adjust_creative=4eucNo6rT7PNhkEzgMEKJQ&utm_campaign=yelp_api_v3&utm_medium=api_v3_business_search&utm_source=4eucNo6rT7PNhkEzgMEKJQ,154,"[{'alias': 'caribbean', 'title': 'Caribbean'}, {'alias': 'newamerican', 'title': 'American (New)'}, {'alias': 'seafood', 'title': 'Seafood'}]",4.5,39.5718689,-74.2338028,1301 Long Beach Blvd,,,Beach Haven,NJ,08008,$$
12,dY_xghW5iUJWIShdUN1qRA,Sand Box Café,False,https://www.yelp.com/biz/sand-box-caf%C3%A9-ship-bottom?adjust_creative=4eucNo6rT7PNhkEzgMEKJQ&utm_campaign=yelp_api_v3&utm_medium=api_v3_business_search&utm_source=4eucNo6rT7PNhkEzgMEKJQ,129,"[{'alias': 'breakfast_brunch', 'title': 'Breakfast & Brunch'}]",4.0,39.6385959,-74.184517,2604 Long Beach Blvd,,,Ship Bottom,NJ,08008,$$
13,oFlnehaQZ66jyL2rZRtllA,Dune 18,False,https://www.yelp.com/biz/dune-18-ship-bottom?adjust_creative=4eucNo6rT7PNhkEzgMEKJQ&utm_campaign=yelp_api_v3&utm_medium=api_v3_business_search&utm_source=4eucNo6rT7PNhkEzgMEKJQ,16,"[{'alias': 'seafood', 'title': 'Seafood'}, {'alias': 'salad', 'title': 'Salad'}, {'alias': 'noodles', 'title': 'Noodles'}]",4.0,39.6426396003011,-74.180874232748,1916 Long Beach Blvd,,,Ship Bottom,NJ,08008,
14,fIhuS8SCl9WUO_zLRorhWw,Shore Fire Grille,False,https://www.yelp.com/biz/shore-fire-grille-surf-city?adjust_creative=4eucNo6rT7PNhkEzgMEKJQ&utm_campaign=yelp_api_v3&utm_medium=api_v3_business_search&utm_source=4eucNo6rT7PNhkEzgMEKJQ,182,"[{'alias': 'newamerican', 'title': 'American (New)'}, {'alias': 'bbq', 'title': 'Barbeque'}, {'alias': 'burgers', 'title': 'Burgers'}]",4.0,39.6657812720214,-74.1623929299645,1718 Long Beach Blvd,,,Surf City,NJ,08008,$$
15,UDiH3OZVubIA0gQNd9sRkQ,Angelina’s Cucina Costa,False,https://www.yelp.com/biz/angelina-s-cucina-costa-long-beach-township?adjust_creative=4eucNo6rT7PNhkEzgMEKJQ&utm_campaign=yelp_api_v3&utm_medium=api_v3_business_search&utm_source=4eucNo6rT7PNhkEzgMEKJQ,37,"[{'alias': 'italian', 'title': 'Italian'}]",4.0,39.60679,-74.20716,8701 Long Beach Blvd,,,Long Beach Township,NJ,08008,
16,kkZBWhJXzMIox75wiy4OWQ,Wally's,False,https://www.yelp.com/biz/wallys-surf-city?adjust_creative=4eucNo6rT7PNhkEzgMEKJQ&utm_campaign=yelp_api_v3&utm_medium=api_v3_business_search&utm_source=4eucNo6rT7PNhkEzgMEKJQ,210,"[{'alias': 'breakfast_brunch', 'title': 'Breakfast & Brunch'}, {'alias': 'tradamerican', 'title': 'American (Traditional)'}, {'alias': 'wraps', 'title': 'Wraps'}]",4.0,39.65948,-74.167299,712 Long Beach Blvd,,,Surf City,NJ,08008,$$
17,bsr8nTLsgHTZIS2KyVl9pw,Blue Water Cafe,False,https://www.yelp.com/biz/blue-water-cafe-haven-beach?adjust_creative=4eucNo6rT7PNhkEzgMEKJQ&utm_campaign=yelp_api_v3&utm_medium=api_v3_business_search&utm_source=4eucNo6rT7PNhkEzgMEKJQ,197,"[{'alias': 'seafood', 'title': 'Seafood'}]",3.5,39.5953725,-74.2166696,11205 Long Beach Blvd,,,Haven Beach,NJ,08008,$$
18,a3p7lTizwcPG5Gs9DqldRQ,Scojo's,False,https://www.yelp.com/biz/scojos-surf-city?adjust_creative=4eucNo6rT7PNhkEzgMEKJQ&utm_campaign=yelp_api_v3&utm_medium=api_v3_business_search&utm_source=4eucNo6rT7PNhkEzgMEKJQ,272,"[{'alias': 'newamerican', 'title': 'American (New)'}, {'alias': 'breakfast_brunch', 'title': 'Breakfast & Brunch'}, {'alias': 'burgers', 'title': 'Burgers'}]",4.0,39.6569599107482,-74.1701480936454,307 N Long Beach Blvd,,,Surf City,NJ,08008,$$
19,WLWuB3J8e1LHhf1iQaHkLg,MKT Eatery,False,https://www.yelp.com/biz/mkt-eatery-surf-city?adjust_creative=4eucNo6rT7PNhkEzgMEKJQ&utm_campaign=yelp_api_v3&utm_medium=api_v3_business_search&utm_source=4eucNo6rT7PNhkEzgMEKJQ,55,"[{'alias': 'pizza', 'title': 'Pizza'}, {'alias': 'bakeries', 'title': 'Bakeries'}, {'alias': 'breakfast_brunch', 'title': 'Breakfast & Brunch'}]",4.5,39.6586,-74.167966,600 Long Beach Blvd,,,Surf City,NJ,08008,$$
20,b_54ZWIgFR9yDse25KFjNA,Delaware Avenue Oyster House & Bar,False,https://www.yelp.com/biz/delaware-avenue-oyster-house-and-bar-beach-haven?adjust_creative=4eucNo6rT7PNhkEzgMEKJQ&utm_campaign=yelp_api_v3&utm_medium=api_v3_business_search&utm_source=4eucNo6rT7PNhkEzgMEKJQ,143,"[{'alias': 'seafood', 'title': 'Seafood'}, {'alias': 'tapas', 'title': 'Tapas Bars'}, {'alias': 'cocktailbars', 'title': 'Cocktail Bars'}]",4.0,39.58479,-74.22451,13211 Long Beach Blvd,,,Beach Haven,NJ,08008,$$
21,6q8u6nQcSIB6vRrOfE4BYA,Black Eyed Susans,False,https://www.yelp.com/biz/black-eyed-susans-harvey-cedars?adjust_creative=4eucNo6rT7PNhkEzgMEKJQ&utm_campaign=yelp_api_v3&utm_medium=api_v3_business_search&utm_source=4eucNo6rT7PNhkEzgMEKJQ,169,"[{'alias': 'newamerican', 'title': 'American (New)'}]",4.0,39.707153,-74.1341736,7908 Long Beach Blvd,,,Harvey Cedars,NJ,08008,$$$
22,0c97fEBM4A6Sx9mqBeozUg,Bird & Betty’s,False,https://www.yelp.com/biz/bird-and-betty-s-beach-haven?adjust_creative=4eucNo6rT7PNhkEzgMEKJQ&utm_campaign=yelp_api_v3&utm_medium=api_v3_business_search&utm_source=4eucNo6rT7PNhkEzgMEKJQ,99,"[{'alias': 'seafood', 'title': 'Seafood'}, {'alias': 'pizza', 'title': 'Pizza'}, {'alias': 'breakfast_brunch', 'title': 'Breakfast & Brunch'}]",3.5,39.566462,-74.244373,529 Dock Rd,,,Beach Haven,NJ,08008,$$
23,WCTJFwg5vPqwwzo-21v8pQ,The Old Causeway Steak & Oyster House,False,https://www.yelp.com/biz/the-old-causeway-steak-and-oyster-house-stafford-township?adjust_creative=4eucNo6rT7PNhkEzgMEKJQ&utm_campaign=yelp_api_v3&utm_medium=api_v3_business_search&utm_source=4eucNo6rT7PNhkEzgMEKJQ,391,"[{'alias': 'seafood', 'title': 'Seafood'}, {'alias': 'bars', 'title': 'Bars'}, {'alias': 'steak', 'title': 'Steakhouses'}]",4.0,39.6739616394043,-74.2207641601562,1201 E Bay Ave,,,Stafford Township,NJ,08050,$$
24,yEGeeMQT4rr5wykcaCxasw,Raimondo's,False,https://www.yelp.com/biz/raimondos-ship-bottom?adjust_creative=4eucNo6rT7PNhkEzgMEKJQ&utm_campaign=yelp_api_v3&utm_medium=api_v3_business_search&utm_source=4eucNo6rT7PNhkEzgMEKJQ,117,"[{'alias': 'italian', 'title': 'Italian'}]",3.5,39.648034515644,-74.177380771998,1101 Long Beach Blvd,,,Ship Bottom,NJ,08008,$$$
25,GFT8naCQD--kROU-34m8UA,Tuckers Tavern,False,https://www.yelp.com/biz/tuckers-tavern-beach-haven-5?adjust_creative=4eucNo6rT7PNhkEzgMEKJQ&utm_campaign=yelp_api_v3&utm_medium=api_v3_business_search&utm_source=4eucNo6rT7PNhkEzgMEKJQ,297,"[{'alias': 'gastropubs', 'title': 'Gastropubs'}, {'alias': 'tradamerican', 'title': 'American (Traditional)'}, {'alias': 'bars', 'title': 'Bars'}]",3.5,39.564683,-74.2454489,101 S West Ave,,,Beach Haven,NJ,08008,$$
26,xzwWMJIUsnQ31HBRpLa9IA,Smokey's Bar-B-Q,False,https://www.yelp.com/biz/smokeys-bar-b-q-surf-city?adjust_creative=4eucNo6rT7PNhkEzgMEKJQ&utm_campaign=yelp_api_v3&utm_medium=api_v3_business_search&utm_source=4eucNo6rT7PNhkEzgMEKJQ,38,"[{'alias': 'bbq', 'title': 'Barbeque'}, {'alias': 'sandwiches', 'title': 'Sandwiches'}, {'alias': 'newamerican', 'title': 'American (New)'}]",4.5,39.66549,-74.16266,1700 Long Beach Blvd,,,Surf City,NJ,08008,$
27,JrukXlFWLBEkWJSR1pcBPQ,Mud City Crab House,False,https://www.yelp.com/biz/mud-city-crab-house-manahawkin?adjust_creative=4eucNo6rT7PNhkEzgMEKJQ&utm_campaign=yelp_api_v3&utm_medium=api_v3_business_search&utm_source=4eucNo6rT7PNhkEzgMEKJQ,384,"[{'alias': 'seafood', 'title': 'Seafood'}]",4.0,39.6745693227362,-74.2210310575877,1185 E Bay Ave,,,Manahawkin,NJ,08050,$$
28,sh9CsL8EnbPAlVtkm0ibBQ,Terrace Tavern,False,https://www.yelp.com/biz/terrace-tavern-beach-haven-2?adjust_creative=4eucNo6rT7PNhkEzgMEKJQ&utm_campaign=yelp_api_v3&utm_medium=api_v3_business_search&utm_source=4eucNo6rT7PNhkEzgMEKJQ,180,"[{'alias': 'bars', 'title': 'Bars'}, {'alias': 'tradamerican', 'title': 'American (Traditional)'}, {'alias': 'seafood', 'title': 'Seafood'}]",3.5,39.5850306452029,-74.2245248216639,13201 Long Beach Blvd,,,Beach Haven,NJ,08008,$$
29,8vt-Kgdhnz07aFCV_5GVQQ,Island Market,False,https://www.yelp.com/biz/island-market-long-beach-township?adjust_creative=4eucNo6rT7PNhkEzgMEKJQ&utm_campaign=yelp_api_v3&utm_medium=api_v3_business_search&utm_source=4eucNo6rT7PNhkEzgMEKJQ,5,"[{'alias': 'breakfast_brunch', 'title': 'Breakfast & Brunch'}, {'alias': 'bagels', 'title': 'Bagels'}, {'alias': 'sandwiches', 'title': 'Sandwiches'}]",4.0,39.62274,-74.1957,5715 Long Beach Blvd,,,Long Beach Township,NJ,08008,
30,S2V8yGAfLPuCCsFS_b1D-g,Harvey Cedars Shellfish,False,https://www.yelp.com/biz/harvey-cedars-shellfish-harvey-cedars-2?adjust_creative=4eucNo6rT7PNhkEzgMEKJQ&utm_campaign=yelp_api_v3&utm_medium=api_v3_business_search&utm_source=4eucNo6rT7PNhkEzgMEKJQ,100,"[{'alias': 'seafood', 'title': 'Seafood'}, {'alias': 'salad', 'title': 'Salad'}, {'alias': 'sandwiches', 'title': 'Sandwiches'}]",4.0,39.70693,-74.13423,7904 Long Beach Blvd,,,Harvey Cedars,NJ,08008,$$
31,rnVZAnh3Lkpbm9zDuOe0-Q,Zen Sushi Asian Cuisine,False,https://www.yelp.com/biz/zen-sushi-asian-cuisine-ship-bottom?adjust_creative=4eucNo6rT7PNhkEzgMEKJQ&utm_campaign=yelp_api_v3&utm_medium=api_v3_business_search&utm_source=4eucNo6rT7PNhkEzgMEKJQ,95,"[{'alias': 'asianfusion', 'title': 'Asian Fusion'}, {'alias': 'sushi', 'title': 'Sushi Bars'}]",4.0,39.64672167,-74.17761167,1220 Long Beach Blvd,,,Ship Bottom,NJ,08008,$$
32,nigQeMBVaBVWeh3BHV76AQ,Speakeasy Pizzeria & Restaurant,False,https://www.yelp.com/biz/speakeasy-pizzeria-and-restaurant-ship-bottom?adjust_creative=4eucNo6rT7PNhkEzgMEKJQ&utm_campaign=yelp_api_v3&utm_medium=api_v3_business_search&utm_source=4eucNo6rT7PNhkEzgMEKJQ,53,"[{'alias': 'pizza', 'title': 'Pizza'}, {'alias': 'italian', 'title': 'Italian'}]",4.0,39.6465695,-74.1780751,1318 Long Beach Blvd,,,Ship Bottom,NJ,08008,$
33,Nf7EjiksQ9Gv3c5OuIzk7A,Surf City Fishery,False,https://www.yelp.com/biz/surf-city-fishery-ship-bottom?adjust_creative=4eucNo6rT7PNhkEzgMEKJQ&utm_campaign=yelp_api_v3&utm_medium=api_v3_business_search&utm_source=4eucNo6rT7PNhkEzgMEKJQ,21,"[{'alias': 'seafood', 'title': 'Seafood'}, {'alias': 'seafoodmarkets', 'title': 'Seafood Markets'}]",4.0,39.6485006848126,-74.1761773444832,902 Long Beach Blvd,,,Ship Bottom,NJ,08008,$$
34,b7UE6VGuu6GX_QYUO6l-9w,Woodies Drive-In,False,https://www.yelp.com/biz/woodies-drive-in-ship-bottom-4?adjust_creative=4eucNo6rT7PNhkEzgMEKJQ&utm_campaign=yelp_api_v3&utm_medium=api_v3_business_search&utm_source=4eucNo6rT7PNhkEzgMEKJQ,109,"[{'alias': 'burgers', 'title': 'Burgers'}, {'alias': 'tradamerican', 'title': 'American (Traditional)'}, {'alias': 'sandwiches', 'title': 'Sandwiches'}]",4.0,39.6516865,-74.1742741,509 Long Beach Blvd,,,Ship Bottom,NJ,08008,$$
35,K2umTPWNH5jYPQTCg3Gl6w,Triton Craft Beer & Oyster Bar,False,https://www.yelp.com/biz/triton-craft-beer-and-oyster-bar-beach-haven?adjust_creative=4eucNo6rT7PNhkEzgMEKJQ&utm_campaign=yelp_api_v3&utm_medium=api_v3_business_search&utm_source=4eucNo6rT7PNhkEzgMEKJQ,110,"[{'alias': 'seafood', 'title': 'Seafood'}, {'alias': 'beerbar', 'title': 'Beer Bar'}]",4.0,39.56363,-74.24067,308 Centre St,,,Beach Haven,NJ,08008,$$
36,j-uv25gGbwnjYrZv_vLKQw,Maristella’s Luncheonette,False,https://www.yelp.com/biz/maristella-s-luncheonette-ship-bottom?adjust_creative=4eucNo6rT7PNhkEzgMEKJQ&utm_campaign=yelp_api_v3&utm_medium=api_v3_business_search&utm_source=4eucNo6rT7PNhkEzgMEKJQ,6,"[{'alias': 'sandwiches', 'title': 'Sandwiches'}, {'alias': 'newamerican', 'title': 'American (New)'}, {'alias': 'burgers', 'title': 'Burgers'}]",4.5,39.64925017,-74.17555433,816 Long Beach Blvd,Ste 9,,Ship Bottom,NJ,08008,
37,IJoRbWND6-TwLfUvKnLd-w,The Sandbox Café,False,https://www.yelp.com/biz/the-sandbox-caf%C3%A9-surf-city?adjust_creative=4eucNo6rT7PNhkEzgMEKJQ&utm_campaign=yelp_api_v3&utm_medium=api_v3_business_search&utm_source=4eucNo6rT7PNhkEzgMEKJQ,81,"[{'alias': 'breakfast_brunch', 'title': 'Breakfast & Brunch'}]",4.0,39.63853317,-74.18456483,2604 Long Beach Blvd,,,Surf City,NJ,08008,$$
38,1Hn6FjX9XRsL7U3BiwSe_g,Port Hole Cafe,False,https://www.yelp.com/biz/port-hole-cafe-ship-bottom?adjust_creative=4eucNo6rT7PNhkEzgMEKJQ&utm_campaign=yelp_api_v3&utm_medium=api_v3_business_search&utm_source=4eucNo6rT7PNhkEzgMEKJQ,49,"[{'alias': 'sandwiches', 'title': 'Sandwiches'}, {'alias': 'bars', 'title': 'Bars'}]",4.0,39.6444179963157,-74.1796769924388,1620 Long Beach Blvd,,,Ship Bottom,NJ,08008,$$
39,KextXpIYj3sS2aY1EFgpAA,Manera's Restaurant,False,https://www.yelp.com/biz/maneras-restaurant-manahawkin?adjust_creative=4eucNo6rT7PNhkEzgMEKJQ&utm_campaign=yelp_api_v3&utm_medium=api_v3_business_search&utm_source=4eucNo6rT7PNhkEzgMEKJQ,150,"[{'alias': 'newamerican', 'title': 'American (New)'}, {'alias': 'seafood', 'title': 'Seafood'}, {'alias': 'steak', 'title': 'Steakhouses'}]",4.5,39.687491225248614,-74.252745,291 Rte 72 E,,,Manahawkin,NJ,08050,$$
40,8is2kQeNUEo0ji1voYAFyQ,Howard's Seafood Restaurant,False,https://www.yelp.com/biz/howards-seafood-restaurant-beach-haven-gardens?adjust_creative=4eucNo6rT7PNhkEzgMEKJQ&utm_campaign=yelp_api_v3&utm_medium=api_v3_business_search&utm_source=4eucNo6rT7PNhkEzgMEKJQ,128,"[{'alias': 'seafood', 'title': 'Seafood'}]",4.0,39.584017,-74.226006,33rd & Baltic Ave,,,Beach Haven Gardens,NJ,08008,$$$
41,hqO8TFWlbPg2RiC9YPRwjA,Carmen's Unique Beach Cuisine,False,https://www.yelp.com/biz/carmens-unique-beach-cuisine-beach-haven?adjust_creative=4eucNo6rT7PNhkEzgMEKJQ&utm_campaign=yelp_api_v3&utm_medium=api_v3_business_search&utm_source=4eucNo6rT7PNhkEzgMEKJQ,92,"[{'alias': 'seafood', 'title': 'Seafood'}]",4.0,39.5641432,-74.2399039,122 N Bay Ave,,,Beach Haven,NJ,08008,$$$
42,jGlmKdhwYGkoktU2tg6pPA,Black Whale Bar & Fish House,False,https://www.yelp.com/biz/black-whale-bar-and-fish-house-beach-haven?adjust_creative=4eucNo6rT7PNhkEzgMEKJQ&utm_campaign=yelp_api_v3&utm_medium=api_v3_business_search&utm_source=4eucNo6rT7PNhkEzgMEKJQ,250,"[{'alias': 'seafood', 'title': 'Seafood'}]",3.5,39.5656776428223,-74.2434921264648,100 N Pennsylvania Ave,,,Beach Haven,NJ,08008,$$$
43,ibW5Nr0BOvD3wJwqgqYP_Q,El Swell,False,https://www.yelp.com/biz/el-swell-long-beach-township?adjust_creative=4eucNo6rT7PNhkEzgMEKJQ&utm_campaign=yelp_api_v3&utm_medium=api_v3_business_search&utm_source=4eucNo6rT7PNhkEzgMEKJQ,118,"[{'alias': 'mexican', 'title': 'Mexican'}]",4.0,39.5834389,-74.2262192,13504 Long Beach Blvd,,,Long Beach Township,NJ,08008,$$
44,k8Z2_xvd7jyBnb3DEsSDbQ,The Gables Inn and Restaurant,False,https://www.yelp.com/biz/the-gables-inn-and-restaurant-beach-haven?adjust_creative=4eucNo6rT7PNhkEzgMEKJQ&utm_campaign=yelp_api_v3&utm_medium=api_v3_business_search&utm_source=4eucNo6rT7PNhkEzgMEKJQ,118,"[{'alias': 'bedbreakfast', 'title': 'Bed & Breakfast'}, {'alias': 'newamerican', 'title': 'American (New)'}, {'alias': 'venues', 'title': 'Venues & Event Spaces'}]",4.5,39.56302,-74.23922,212 Centre St,,,Beach Haven,NJ,08008,$$$
45,VC9J1f-93vwEt3foTPE3yA,LA Cabanita,False,https://www.yelp.com/biz/la-cabanita-manahawkin?adjust_creative=4eucNo6rT7PNhkEzgMEKJQ&utm_campaign=yelp_api_v3&utm_medium=api_v3_business_search&utm_source=4eucNo6rT7PNhkEzgMEKJQ,13,"[{'alias': 'mexican', 'title': 'Mexican'}]",5.0,39.685382,-74.238567,621 E Bay Ave,,,Manahawkin,NJ,08050,
46,VgU39qFIENC08e_yE75MNw,Surf Taco,False,https://www.yelp.com/biz/surf-taco-ship-bottom?adjust_creative=4eucNo6rT7PNhkEzgMEKJQ&utm_campaign=yelp_api_v3&utm_medium=api_v3_business_search&utm_source=4eucNo6rT7PNhkEzgMEKJQ,112,"[{'alias': 'tex-mex', 'title': 'Tex-Mex'}, {'alias': 'mexican', 'title': 'Mexican'}, {'alias': 'juicebars', 'title': 'Juice Bars & Smoothies'}]",3.0,39.6430700851759,-74.181423,1915 Long Beach Blvd,,,Ship Bottom,NJ,08008,$
47,0SFDq360BzOOOQwfjysKpw,The Tavern at Black Eyed Susans,False,https://www.yelp.com/biz/the-tavern-at-black-eyed-susans-harvey-cedars-2?adjust_creative=4eucNo6rT7PNhkEzgMEKJQ&utm_campaign=yelp_api_v3&utm_medium=api_v3_business_search&utm_source=4eucNo6rT7PNhkEzgMEKJQ,1,"[{'alias': 'salad', 'title': 'Salad'}, {'alias': 'newamerican', 'title': 'American (New)'}, {'alias': 'pizza', 'title': 'Pizza'}]",5.0,39.707154,-74.1341736,7908 Long Beach Blvd,,,Harvey Cedars,NJ,08008,
48,5YNg-SPpzJ8ncAbqYajA_A,Stefano's,False,https://www.yelp.com/biz/stefanos-beach-haven-3?adjust_creative=4eucNo6rT7PNhkEzgMEKJQ&utm_campaign=yelp_api_v3&utm_medium=api_v3_business_search&utm_source=4eucNo6rT7PNhkEzgMEKJQ,122,"[{'alias': 'seafood', 'title': 'Seafood'}, {'alias': 'italian', 'title': 'Italian'}]",3.5,39.5753985136479,-74.2320780007719,1814 Long Beach Blvd,,,Beach Haven,NJ,08008,$$$
49,150EwAArWipDwhXatskrhw,Yellowfin,False,https://www.yelp.com/biz/yellowfin-surf-city?adjust_creative=4eucNo6rT7PNhkEzgMEKJQ&utm_campaign=yelp_api_v3&utm_medium=api_v3_business_search&utm_source=4eucNo6rT7PNhkEzgMEKJQ,111,"[{'alias': 'newamerican', 'title': 'American (New)'}]",3.5,39.66966,-74.15982,104 N 24th St,,,Surf City,NJ,08008,$$$
0,vEJW8EJHwLFPgadeDu-ejg,Topsail Steamer,False,https://www.yelp.com/biz/topsail-steamer-ship-bottom?adjust_creative=4eucNo6rT7PNhkEzgMEKJQ&utm_campaign=yelp_api_v3&utm_medium=api_v3_business_search&utm_source=4eucNo6rT7PNhkEzgMEKJQ,2,"[{'alias': 'seafood', 'title': 'Seafood'}, {'alias': 'seafoodmarkets', 'title': 'Seafood Markets'}]",4.5,39.638353,-74.1845303,2608 Long Beach Blvd,,,Ship Bottom,NJ,08008,
1,kDkLz9KKIboPGKnJXseNog,Birdy's Cafe & Artisan Market,False,https://www.yelp.com/biz/birdys-cafe-and-artisan-market-harvey-cedars-3?adjust_creative=4eucNo6rT7PNhkEzgMEKJQ&utm_campaign=yelp_api_v3&utm_medium=api_v3_business_search&utm_source=4eucNo6rT7PNhkEzgMEKJQ,10,"[{'alias': 'cafes', 'title': 'Cafes'}, {'alias': 'galleries', 'title': 'Art Galleries'}]",4.5,39.70604251120895,-74.13425861996453,7801 Long Beach Blvd,,,Harvey Cedars,NJ,08008,
2,F2yMFlA5oZkxpeiU83NHQg,Engleside Restaurant,False,https://www.yelp.com/biz/engleside-restaurant-beach-haven?adjust_creative=4eucNo6rT7PNhkEzgMEKJQ&utm_campaign=yelp_api_v3&utm_medium=api_v3_business_search&utm_source=4eucNo6rT7PNhkEzgMEKJQ,78,"[{'alias': 'sushi', 'title': 'Sushi Bars'}]",3.5,39.56095,-74.23709,30 Engleside Ave,,,Beach Haven,NJ,08008,$$$
3,Qz2-LdSdl9osK0R4IDAaCQ,Stefano's,False,https://www.yelp.com/biz/stefanos-beach-haven-2?adjust_creative=4eucNo6rT7PNhkEzgMEKJQ&utm_campaign=yelp_api_v3&utm_medium=api_v3_business_search&utm_source=4eucNo6rT7PNhkEzgMEKJQ,15,"[{'alias': 'seafood', 'title': 'Seafood'}, {'alias': 'italian', 'title': 'Italian'}]",4.5,39.575506,-74.23211,19TH At The Blvd,,,Beach Haven,NJ,08008,$$$
4,R1UTm-t2azqlASTzhdgucw,Dockside Diner,False,https://www.yelp.com/biz/dockside-diner-long-beach-township-3?adjust_creative=4eucNo6rT7PNhkEzgMEKJQ&utm_campaign=yelp_api_v3&utm_medium=api_v3_business_search&utm_source=4eucNo6rT7PNhkEzgMEKJQ,105,"[{'alias': 'diners', 'title': 'Diners'}, {'alias': 'tradamerican', 'title': 'American (Traditional)'}, {'alias': 'breakfast_brunch', 'title': 'Breakfast & Brunch'}]",4.0,39.57859427293761,-74.22961422027446,2404 Long Beach Blvd,,,Long Beach Township,NJ,08008,$$
5,yfdL_hXOTAwg9JGKfR3X4g,How You Brewin,False,https://www.yelp.com/biz/how-you-brewin-surf-city?adjust_creative=4eucNo6rT7PNhkEzgMEKJQ&utm_campaign=yelp_api_v3&utm_medium=api_v3_business_search&utm_source=4eucNo6rT7PNhkEzgMEKJQ,130,"[{'alias': 'coffee', 'title': 'Coffee & Tea'}, {'alias': 'bagels', 'title': 'Bagels'}, {'alias': 'sandwiches', 'title': 'Sandwiches'}]",4.0,39.6550295152831,-74.1711684663482,8 Long Beach Blvd,,,Surf City,NJ,08008,$
6,EKBat5jR0PQDk-pUXvBvVQ,The Sea Shell Resort & Beach Club,False,https://www.yelp.com/biz/the-sea-shell-resort-and-beach-club-beach-haven?adjust_creative=4eucNo6rT7PNhkEzgMEKJQ&utm_campaign=yelp_api_v3&utm_medium=api_v3_business_search&utm_source=4eucNo6rT7PNhkEzgMEKJQ,80,"[{'alias': 'tikibars', 'title': 'Tiki Bars'}, {'alias': 'seafood', 'title': 'Seafood'}, {'alias': 'resorts', 'title': 'Resorts'}]",3.5,39.5617693,-74.2367325,10 S Atlantic Ave,,,Beach Haven,NJ,08008,$$
7,BnlMuUxIAz3YaB9fErzeWA,LBI Pancake House,False,https://www.yelp.com/biz/lbi-pancake-house-ship-bottom?adjust_creative=4eucNo6rT7PNhkEzgMEKJQ&utm_campaign=yelp_api_v3&utm_medium=api_v3_business_search&utm_source=4eucNo6rT7PNhkEzgMEKJQ,91,"[{'alias': 'breakfast_brunch', 'title': 'Breakfast & Brunch'}]",4.0,39.641827,-74.182565,2111 Long Beach Blvd,,,Ship Bottom,NJ,08008,$$
8,gq3u9KyOrsMN1G_Tn4tyWQ,NorthSide Bar & Grille,False,https://www.yelp.com/biz/northside-bar-and-grille-surf-city?adjust_creative=4eucNo6rT7PNhkEzgMEKJQ&utm_campaign=yelp_api_v3&utm_medium=api_v3_business_search&utm_source=4eucNo6rT7PNhkEzgMEKJQ,71,"[{'alias': 'burgers', 'title': 'Burgers'}, {'alias': 'sportsbars', 'title': 'Sports Bars'}, {'alias': 'tradamerican', 'title': 'American (Traditional)'}]",3.5,39.6643970333771,-74.1635872884071,1500 N Long Beach Blvd,,,Surf City,NJ,08008,$$
9,Pt4N9qxL63SLaMucrolcZA,The Greenhouse LBI,False,https://www.yelp.com/biz/the-greenhouse-lbi-ship-bottom?adjust_creative=4eucNo6rT7PNhkEzgMEKJQ&utm_campaign=yelp_api_v3&utm_medium=api_v3_business_search&utm_source=4eucNo6rT7PNhkEzgMEKJQ,4,"[{'alias': 'tradamerican', 'title': 'American (Traditional)'}, {'alias': 'seafood', 'title': 'Seafood'}, {'alias': 'pizza', 'title': 'Pizza'}]",4.5,39.651093,-74.174951,605 Long Beach Blvd,,,Ship Bottom,NJ,08008,
10,wW6zwFG0IfUOSAsFMgXZEw,Manngotti's,False,https://www.yelp.com/biz/manngottis-west-creek?adjust_creative=4eucNo6rT7PNhkEzgMEKJQ&utm_campaign=yelp_api_v3&utm_medium=api_v3_business_search&utm_source=4eucNo6rT7PNhkEzgMEKJQ,2,"[{'alias': 'italian', 'title': 'Italian'}, {'alias': 'salad', 'title': 'Salad'}, {'alias': 'seafood', 'title': 'Seafood'}]",3.5,39.6441435229,-74.2467965,523 Cedar Run Dock Rd,,,West Creek,NJ,08092,
11,U7y3ih-GofVs8fUWf_qAgA,Buckalew's Restaurant & Tavern,False,https://www.yelp.com/biz/buckalews-restaurant-and-tavern-beach-haven?adjust_creative=4eucNo6rT7PNhkEzgMEKJQ&utm_campaign=yelp_api_v3&utm_medium=api_v3_business_search&utm_source=4eucNo6rT7PNhkEzgMEKJQ,340,"[{'alias': 'tradamerican', 'title': 'American (Traditional)'}, {'alias': 'seafood', 'title': 'Seafood'}]",3.0,39.56375,-74.23939,101 N Bay Ave,,,Beach Haven,NJ,08008,$$
12,S8slkqLyiZAP7C9u_v7ZRg,Greenhouse Cafe,False,https://www.yelp.com/biz/greenhouse-cafe-ship-bottom-2?adjust_creative=4eucNo6rT7PNhkEzgMEKJQ&utm_campaign=yelp_api_v3&utm_medium=api_v3_business_search&utm_source=4eucNo6rT7PNhkEzgMEKJQ,170,"[{'alias': 'seafood', 'title': 'Seafood'}, {'alias': 'tradamerican', 'title': 'American (Traditional)'}, {'alias': 'breakfast_brunch', 'title': 'Breakfast & Brunch'}]",3.0,39.6510648593361,-74.1749751980917,605 Long Beach Blvd,Fl 1,,Ship Bottom,NJ,08008,$$
13,8zblWhlHhJFAjj4CyOJUlw,Lex Mex,False,https://www.yelp.com/biz/lex-mex-surf-city-2?adjust_creative=4eucNo6rT7PNhkEzgMEKJQ&utm_campaign=yelp_api_v3&utm_medium=api_v3_business_search&utm_source=4eucNo6rT7PNhkEzgMEKJQ,72,"[{'alias': 'mexican', 'title': 'Mexican'}, {'alias': 'newamerican', 'title': 'American (New)'}]",3.5,39.6576970548744,-74.1688449410004,414 N Long Beach Blvd,,,Surf City,NJ,08008,$$
14,EHzR04Xwu_kn8O11UusXrg,Station 117,False,https://www.yelp.com/biz/station-117-beach-haven?adjust_creative=4eucNo6rT7PNhkEzgMEKJQ&utm_campaign=yelp_api_v3&utm_medium=api_v3_business_search&utm_source=4eucNo6rT7PNhkEzgMEKJQ,111,"[{'alias': 'seafood', 'title': 'Seafood'}, {'alias': 'breakfast_brunch', 'title': 'Breakfast & Brunch'}]",3.0,39.56362,-74.23975,117 N Bay Ave,,,Beach Haven,NJ,08008,$$
15,eptINuS9RDDiH-nivC7jsQ,Boulevard Clams,False,https://www.yelp.com/biz/boulevard-clams-surf-city?adjust_creative=4eucNo6rT7PNhkEzgMEKJQ&utm_campaign=yelp_api_v3&utm_medium=api_v3_business_search&utm_source=4eucNo6rT7PNhkEzgMEKJQ,76,"[{'alias': 'seafoodmarkets', 'title': 'Seafood Markets'}, {'alias': 'seafood', 'title': 'Seafood'}, {'alias': 'tradamerican', 'title': 'American (Traditional)'}]",3.5,39.667500161655546,-74.16108818220773,2006 Long Beach Blvd,,,Surf City,NJ,08008,$$
16,8tXJQvhM3oDeO4VYTHLPYA,The Clam Bar,False,https://www.yelp.com/biz/the-clam-bar-beach-haven-2?adjust_creative=4eucNo6rT7PNhkEzgMEKJQ&utm_campaign=yelp_api_v3&utm_medium=api_v3_business_search&utm_source=4eucNo6rT7PNhkEzgMEKJQ,84,"[{'alias': 'seafood', 'title': 'Seafood'}]",4.0,39.5651998204613,-74.2441596097123,506 W Centre St,,,Beach Haven,NJ,08008,$$
17,wGCC8ITjNXdT2WXcrqDKtQ,Jayson's Pancake House,False,https://www.yelp.com/biz/jaysons-pancake-house-ship-bottom-2?adjust_creative=4eucNo6rT7PNhkEzgMEKJQ&utm_campaign=yelp_api_v3&utm_medium=api_v3_business_search&utm_source=4eucNo6rT7PNhkEzgMEKJQ,33,"[{'alias': 'breakfast_brunch', 'title': 'Breakfast & Brunch'}, {'alias': 'diners', 'title': 'Diners'}]",4.0,39.6515364494857,-74.1739309417272,500 Long Beach Blvd,,,Ship Bottom,NJ,08008,$$
18,7OdSD2zLyDWKzcTDM6xKVQ,Polly's Dock Clam House,False,https://www.yelp.com/biz/pollys-dock-clam-house-beach-haven?adjust_creative=4eucNo6rT7PNhkEzgMEKJQ&utm_campaign=yelp_api_v3&utm_medium=api_v3_business_search&utm_source=4eucNo6rT7PNhkEzgMEKJQ,33,"[{'alias': 'seafood', 'title': 'Seafood'}]",4.0,39.56612,-74.24484,112 Northwest Ave,,,Beach Haven,NJ,08008,$$
19,PCkfK1TBW4EtWKD39t3a3Q,El Tepeyac,False,https://www.yelp.com/biz/el-tepeyac-stafford-township?adjust_creative=4eucNo6rT7PNhkEzgMEKJQ&utm_campaign=yelp_api_v3&utm_medium=api_v3_business_search&utm_source=4eucNo6rT7PNhkEzgMEKJQ,124,"[{'alias': 'mexican', 'title': 'Mexican'}]",4.5,39.683659,-74.246259,511 Rte 72,,,Stafford Township,NJ,08050,$$
20,VwXYkLH8z429rGLi7is97A,Cluck’n Crabs,False,https://www.yelp.com/biz/cluck-n-crabs-manahawkin?adjust_creative=4eucNo6rT7PNhkEzgMEKJQ&utm_campaign=yelp_api_v3&utm_medium=api_v3_business_search&utm_source=4eucNo6rT7PNhkEzgMEKJQ,78,"[{'alias': 'chicken_wings', 'title': 'Chicken Wings'}, {'alias': 'seafood', 'title': 'Seafood'}, {'alias': 'chickenshop', 'title': 'Chicken Shop'}]",4.5,39.67657,-74.2358,857 Mill Creek Rd,,,Manahawkin,NJ,08050,
21,ablx1qofqGnIXB-MobmrlA,Joeys Pizza & Pasta,False,https://www.yelp.com/biz/joeys-pizza-and-pasta-ship-bottom?adjust_creative=4eucNo6rT7PNhkEzgMEKJQ&utm_campaign=yelp_api_v3&utm_medium=api_v3_business_search&utm_source=4eucNo6rT7PNhkEzgMEKJQ,33,"[{'alias': 'pizza', 'title': 'Pizza'}, {'alias': 'italian', 'title': 'Italian'}]",3.5,39.641158,-74.18287,2201 Long Beach Blvd,,,Ship Bottom,NJ,08008,$$
22,mtJftMyYOA7JTOgWcVrgjQ,Surf City Bistro,False,https://www.yelp.com/biz/surf-city-bistro-surf-city-2?adjust_creative=4eucNo6rT7PNhkEzgMEKJQ&utm_campaign=yelp_api_v3&utm_medium=api_v3_business_search&utm_source=4eucNo6rT7PNhkEzgMEKJQ,15,"[{'alias': 'tradamerican', 'title': 'American (Traditional)'}, {'alias': 'seafood', 'title': 'Seafood'}, {'alias': 'pubs', 'title': 'Pubs'}]",3.0,39.65977,-74.1667,800 N Long Beach Blvd,,,Surf City,NJ,08008,$$
23,HtDWjgJFYJWRBoW8z2xJVQ,Shark Bites Grille,False,https://www.yelp.com/biz/shark-bites-grille-beach-haven?adjust_creative=4eucNo6rT7PNhkEzgMEKJQ&utm_campaign=yelp_api_v3&utm_medium=api_v3_business_search&utm_source=4eucNo6rT7PNhkEzgMEKJQ,1,"[{'alias': 'burgers', 'title': 'Burgers'}, {'alias': 'newamerican', 'title': 'American (New)'}, {'alias': 'foodtrucks', 'title': 'Food Trucks'}]",5.0,39.568131,-74.237466,320 7th St,,,Beach Haven,NJ,08008,
24,YGp0AGCsJtvlVnbGXsgTGw,Artisan Cafe,False,https://www.yelp.com/biz/artisan-cafe-north-beach-haven-2?adjust_creative=4eucNo6rT7PNhkEzgMEKJQ&utm_campaign=yelp_api_v3&utm_medium=api_v3_business_search&utm_source=4eucNo6rT7PNhkEzgMEKJQ,17,"[{'alias': 'cafes', 'title': 'Cafes'}]",4.0,39.57346,-74.23268,1511 Long Beach Blvd,,,North Beach Haven,NJ,08008,
25,6n0BPMAcKPXf9FSlWk81Dg,Jersey Girl Grill,False,https://www.yelp.com/biz/jersey-girl-grill-township-of-long-beach-2?adjust_creative=4eucNo6rT7PNhkEzgMEKJQ&utm_campaign=yelp_api_v3&utm_medium=api_v3_business_search&utm_source=4eucNo6rT7PNhkEzgMEKJQ,76,"[{'alias': 'coffee', 'title': 'Coffee & Tea'}, {'alias': 'bagels', 'title': 'Bagels'}, {'alias': 'breakfast_brunch', 'title': 'Breakfast & Brunch'}]",3.5,39.5957473,-74.2163795,11101 Long Beach Blvd,,,Township of Long Beach,NJ,08008,$
26,liqAqDum2_Np7jpEL2eSFw,Joey's Pizza,False,https://www.yelp.com/biz/joeys-pizza-long-beach-township?adjust_creative=4eucNo6rT7PNhkEzgMEKJQ&utm_campaign=yelp_api_v3&utm_medium=api_v3_business_search&utm_source=4eucNo6rT7PNhkEzgMEKJQ,3,"[{'alias': 'pizza', 'title': 'Pizza'}]",4.5,39.641156,-74.182863,2201 Long Beach Blvd,,,Long Beach Township,NJ,08008,
27,Q19CQPS4rm3Pp5atFImdjw,California Grill & Pizza,False,https://www.yelp.com/biz/california-grill-and-pizza-long-beach-township?adjust_creative=4eucNo6rT7PNhkEzgMEKJQ&utm_campaign=yelp_api_v3&utm_medium=api_v3_business_search&utm_source=4eucNo6rT7PNhkEzgMEKJQ,87,"[{'alias': 'pizza', 'title': 'Pizza'}, {'alias': 'tradamerican', 'title': 'American (Traditional)'}]",3.5,39.58455,-74.22535,13308 Long Beach Blvd,,,Long Beach Township,NJ,08008,$$
28,IWBHKJD18wWfFSVIVVEkIQ,Pearl Street Market,False,https://www.yelp.com/biz/pearl-street-market-beach-haven?adjust_creative=4eucNo6rT7PNhkEzgMEKJQ&utm_campaign=yelp_api_v3&utm_medium=api_v3_business_search&utm_source=4eucNo6rT7PNhkEzgMEKJQ,89,"[{'alias': 'delis', 'title': 'Delis'}, {'alias': 'grocery', 'title': 'Grocery'}]",4.5,39.5608520507812,-74.2416381835938,229 Pearl St,,,Beach Haven,NJ,08008,$$
29,spvie99tTey0q0J0bFr6pw,Subs Up Deli,False,https://www.yelp.com/biz/subs-up-deli-beach-haven?adjust_creative=4eucNo6rT7PNhkEzgMEKJQ&utm_campaign=yelp_api_v3&utm_medium=api_v3_business_search&utm_source=4eucNo6rT7PNhkEzgMEKJQ,10,"[{'alias': 'delis', 'title': 'Delis'}, {'alias': 'sandwiches', 'title': 'Sandwiches'}]",3.5,39.63167,-74.19005,4008 Long Beach Blvd,,,Beach Haven,NJ,08008,$
30,OaCXUIUTqF2mGg0KhpdXKQ,The Gateway Restaurant & Lounge,False,https://www.yelp.com/biz/the-gateway-restaurant-and-lounge-ship-bottom?adjust_creative=4eucNo6rT7PNhkEzgMEKJQ&utm_campaign=yelp_api_v3&utm_medium=api_v3_business_search&utm_source=4eucNo6rT7PNhkEzgMEKJQ,47,"[{'alias': 'lounges', 'title': 'Lounges'}, {'alias': 'mexican', 'title': 'Mexican'}, {'alias': 'seafood', 'title': 'Seafood'}]",3.5,39.65106,-74.17722,227 W 8th St,,,Ship Bottom,NJ,08008,$$
31,w3QTCs9gLl0_cpDBDqU5Vw,The Mainland Kitchen & Pub,False,https://www.yelp.com/biz/the-mainland-kitchen-and-pub-manahawkin?adjust_creative=4eucNo6rT7PNhkEzgMEKJQ&utm_campaign=yelp_api_v3&utm_medium=api_v3_business_search&utm_source=4eucNo6rT7PNhkEzgMEKJQ,87,"[{'alias': 'tradamerican', 'title': 'American (Traditional)'}, {'alias': 'beergardens', 'title': 'Beer Gardens'}, {'alias': 'venues', 'title': 'Venues & Event Spaces'}]",3.5,39.695425,-74.264372,151 Rte 72 E,,,Manahawkin,NJ,08050,$$
32,05kX0okJfxRNtUksxsvwtw,Sopranos III,False,https://www.yelp.com/biz/sopranos-iii-west-creek?adjust_creative=4eucNo6rT7PNhkEzgMEKJQ&utm_campaign=yelp_api_v3&utm_medium=api_v3_business_search&utm_source=4eucNo6rT7PNhkEzgMEKJQ,1,"[{'alias': 'restaurants', 'title': 'Restaurants'}]",5.0,39.6693458557129,-74.2807540893555,1116 S Main St,,,West Creek,NJ,08092,
33,BDp-NmKJZyiWz_SDIKaSVQ,Neptune Market,False,https://www.yelp.com/biz/neptune-market-harvey-cedars?adjust_creative=4eucNo6rT7PNhkEzgMEKJQ&utm_campaign=yelp_api_v3&utm_medium=api_v3_business_search&utm_source=4eucNo6rT7PNhkEzgMEKJQ,53,"[{'alias': 'grocery', 'title': 'Grocery'}, {'alias': 'cheesesteaks', 'title': 'Cheesesteaks'}]",4.0,39.707855,-74.1336992,8014 Long Beach Blvd,,,Harvey Cedars,NJ,08008,$
34,XllIeF2LSs55bVELsUkpvw,Little Sumo's Sushi Shack,False,https://www.yelp.com/biz/little-sumos-sushi-shack-surf-city?adjust_creative=4eucNo6rT7PNhkEzgMEKJQ&utm_campaign=yelp_api_v3&utm_medium=api_v3_business_search&utm_source=4eucNo6rT7PNhkEzgMEKJQ,50,"[{'alias': 'sushi', 'title': 'Sushi Bars'}]",4.0,39.6645776,-74.163906,1513 Long Beach Blvd,,,Surf City,NJ,08008,$$
35,kuWowtuRuyhClOrWRJf-zg,Latino Flavor Grille,False,https://www.yelp.com/biz/latino-flavor-grille-manahawkin-2?adjust_creative=4eucNo6rT7PNhkEzgMEKJQ&utm_campaign=yelp_api_v3&utm_medium=api_v3_business_search&utm_source=4eucNo6rT7PNhkEzgMEKJQ,95,"[{'alias': 'latin', 'title': 'Latin American'}]",4.5,39.69615,-74.25791,31 N Main St,,,Manahawkin,NJ,08050,$$
36,lRtiyKzyaZB-cDBimVt9Uw,West Creek Market,False,https://www.yelp.com/biz/west-creek-market-west-creek?adjust_creative=4eucNo6rT7PNhkEzgMEKJQ&utm_campaign=yelp_api_v3&utm_medium=api_v3_business_search&utm_source=4eucNo6rT7PNhkEzgMEKJQ,3,"[{'alias': 'mexican', 'title': 'Mexican'}, {'alias': 'breakfast_brunch', 'title': 'Breakfast & Brunch'}, {'alias': 'grocery', 'title': 'Grocery'}]",5.0,39.643186,-74.3007,331 Main St,,,West Creek,NJ,08092,
37,_3cB1ekSkmix-FOXrsaNgQ,Lenny & Johns Subs,False,https://www.yelp.com/biz/lenny-and-johns-subs-beach-haven?adjust_creative=4eucNo6rT7PNhkEzgMEKJQ&utm_campaign=yelp_api_v3&utm_medium=api_v3_business_search&utm_source=4eucNo6rT7PNhkEzgMEKJQ,17,"[{'alias': 'delis', 'title': 'Delis'}, {'alias': 'sandwiches', 'title': 'Sandwiches'}, {'alias': 'breakfast_brunch', 'title': 'Breakfast & Brunch'}]",4.0,39.54895,-74.24984,2205 South Bay Ave,,,Beach Haven,NJ,08008,
38,qKGOT1BHoxPmy5tTu2CSRA,The Woohoo,False,https://www.yelp.com/biz/the-woohoo-beach-haven?adjust_creative=4eucNo6rT7PNhkEzgMEKJQ&utm_campaign=yelp_api_v3&utm_medium=api_v3_business_search&utm_source=4eucNo6rT7PNhkEzgMEKJQ,95,"[{'alias': 'burgers', 'title': 'Burgers'}, {'alias': 'icecream', 'title': 'Ice Cream & Frozen Yogurt'}, {'alias': 'juicebars', 'title': 'Juice Bars & Smoothies'}]",4.0,39.5616601579172,-74.2412542551756,211 S Bay Ave,,,Beach Haven,NJ,08008,$
39,kNOZ4Js2kV3gRhGuP2u98A,Ott's Good Earth Garden,False,https://www.yelp.com/biz/otts-good-earth-garden-west-creek?adjust_creative=4eucNo6rT7PNhkEzgMEKJQ&utm_campaign=yelp_api_v3&utm_medium=api_v3_business_search&utm_source=4eucNo6rT7PNhkEzgMEKJQ,122,"[{'alias': 'seafood', 'title': 'Seafood'}]",4.0,39.67732,-74.2731,771 S Main St,,,West Creek,NJ,08092,$$
40,0GLg_pYH-MZpeFizIyOhvA,Bageleddi's,False,https://www.yelp.com/biz/bageleddis-ship-bottom?adjust_creative=4eucNo6rT7PNhkEzgMEKJQ&utm_campaign=yelp_api_v3&utm_medium=api_v3_business_search&utm_source=4eucNo6rT7PNhkEzgMEKJQ,97,"[{'alias': 'sandwiches', 'title': 'Sandwiches'}, {'alias': 'bagels', 'title': 'Bagels'}, {'alias': 'breakfast_brunch', 'title': 'Breakfast & Brunch'}]",3.5,39.643735,-74.181041,1815 Long Beach Blvd,,,Ship Bottom,NJ,08008,$
41,XSZKnOIGx0qoK9hNHVVOuA,Classic Restaurant,False,https://www.yelp.com/biz/classic-restaurant-manahawkin?adjust_creative=4eucNo6rT7PNhkEzgMEKJQ&utm_campaign=yelp_api_v3&utm_medium=api_v3_business_search&utm_source=4eucNo6rT7PNhkEzgMEKJQ,58,"[{'alias': 'tradamerican', 'title': 'American (Traditional)'}, {'alias': 'salad', 'title': 'Salad'}, {'alias': 'breakfast_brunch', 'title': 'Breakfast & Brunch'}]",4.0,39.68219,-74.24361,E 575 NJ-72,Ste 5,,Manahawkin,NJ,08005,$
42,Jlq08YutcVLG12612Rf4gQ,Sareli Mexican Restaurant,False,https://www.yelp.com/biz/sareli-mexican-restaurant-manahawkin?adjust_creative=4eucNo6rT7PNhkEzgMEKJQ&utm_campaign=yelp_api_v3&utm_medium=api_v3_business_search&utm_source=4eucNo6rT7PNhkEzgMEKJQ,6,"[{'alias': 'mexican', 'title': 'Mexican'}]",5.0,39.68734362176852,-74.25255300416138,291 Rt 72 E,,,Manahawkin,NJ,08050,
43,8IHc6f5wiIic0pRCqvzJAg,Okie's Butcher Shop,False,https://www.yelp.com/biz/okies-butcher-shop-surf-city?adjust_creative=4eucNo6rT7PNhkEzgMEKJQ&utm_campaign=yelp_api_v3&utm_medium=api_v3_business_search&utm_source=4eucNo6rT7PNhkEzgMEKJQ,41,"[{'alias': 'delis', 'title': 'Delis'}, {'alias': 'butcher', 'title': 'Butcher'}, {'alias': 'sandwiches', 'title': 'Sandwiches'}]",4.0,39.66828,-74.16096,2107 Long Beach Blvd,,,Surf City,NJ,08008,$$
44,twaBmS6aWAfymMr4-bcPnA,Harvey Cedars Pizza,False,https://www.yelp.com/biz/harvey-cedars-pizza-harvey-cedars?adjust_creative=4eucNo6rT7PNhkEzgMEKJQ&utm_campaign=yelp_api_v3&utm_medium=api_v3_business_search&utm_source=4eucNo6rT7PNhkEzgMEKJQ,29,"[{'alias': 'pizza', 'title': 'Pizza'}, {'alias': 'icecream', 'title': 'Ice Cream & Frozen Yogurt'}]",3.5,39.7064499,-74.13453,7806 Long Beach Blvd,,,Harvey Cedars,NJ,08008,$
45,D1TlSTZVl45FEIgulmu22A,Barry's Do Me A Flavor,False,https://www.yelp.com/biz/barrys-do-me-a-flavor-beach-haven?adjust_creative=4eucNo6rT7PNhkEzgMEKJQ&utm_campaign=yelp_api_v3&utm_medium=api_v3_business_search&utm_source=4eucNo6rT7PNhkEzgMEKJQ,95,"[{'alias': 'icecream', 'title': 'Ice Cream & Frozen Yogurt'}, {'alias': 'cheesesteaks', 'title': 'Cheesesteaks'}, {'alias': 'tradamerican', 'title': 'American (Traditional)'}]",4.5,39.5639378204574,-74.2402913883606,309 Centre St,,,Beach Haven,NJ,08008,$$
46,ETh4KBqYmj_GSl1Ksi2wnA,Mr. J’s Deli,False,https://www.yelp.com/biz/mr-j-s-deli-manahawkin?adjust_creative=4eucNo6rT7PNhkEzgMEKJQ&utm_campaign=yelp_api_v3&utm_medium=api_v3_business_search&utm_source=4eucNo6rT7PNhkEzgMEKJQ,3,"[{'alias': 'delis', 'title': 'Delis'}, {'alias': 'breakfast_brunch', 'title': 'Breakfast & Brunch'}, {'alias': 'wraps', 'title': 'Wraps'}]",3.5,39.70314153645182,-74.27253283845853,495 Rte 72 E,,,Manahawkin,NJ,08050,
47,Q6EpBgeI_qcvCpw4HmyMiw,Roberto's Dolce Vita,False,https://www.yelp.com/biz/robertos-dolce-vita-beach-haven?adjust_creative=4eucNo6rT7PNhkEzgMEKJQ&utm_campaign=yelp_api_v3&utm_medium=api_v3_business_search&utm_source=4eucNo6rT7PNhkEzgMEKJQ,48,"[{'alias': 'italian', 'title': 'Italian'}, {'alias': 'venues', 'title': 'Venues & Event Spaces'}]",3.5,39.586381,-74.223349,12907 Long Beach Blvd,,,Beach Haven,NJ,08008,$$$
48,PxSxnj7eA2xnKV9fVLz_dg,Sand Dollar Restaurant & Bar,False,https://www.yelp.com/biz/sand-dollar-restaurant-and-bar-spray-beach?adjust_creative=4eucNo6rT7PNhkEzgMEKJQ&utm_campaign=yelp_api_v3&utm_medium=api_v3_business_search&utm_source=4eucNo6rT7PNhkEzgMEKJQ,9,"[{'alias': 'bars', 'title': 'Bars'}, {'alias': 'breakfast_brunch', 'title': 'Breakfast & Brunch'}, {'alias': 'seafood', 'title': 'Seafood'}]",3.0,39.576602,-74.227195,24th St & Oceanfront,,Spray Beach Hotel,Spray Beach,NJ,08008,
49,lAAERJ5TgOpJgE25k86aaA,Living on the Veg,False,https://www.yelp.com/biz/living-on-the-veg-beach-haven-gardens-3?adjust_creative=4eucNo6rT7PNhkEzgMEKJQ&utm_campaign=yelp_api_v3&utm_medium=api_v3_business_search&utm_source=4eucNo6rT7PNhkEzgMEKJQ,129,"[{'alias': 'vegan', 'title': 'Vegan'}, {'alias': 'vegetarian', 'title': 'Vegetarian'}, {'alias': 'sandwiches', 'title': 'Sandwiches'}]",4.5,39.5801695258382,-74.2281639962952,2613 Long Beach Blvd,,,Beach Haven Gardens,NJ,08008,$$
0,OvSozgAXnjO9OeSTJGb4nw,Fuji72 Japanese Steakhouse Hibachi and Sushi Bar,False,https://www.yelp.com/biz/fuji72-japanese-steakhouse-hibachi-and-sushi-bar-manahawkin?adjust_creative=4eucNo6rT7PNhkEzgMEKJQ&utm_campaign=yelp_api_v3&utm_medium=api_v3_business_search&utm_source=4eucNo6rT7PNhkEzgMEKJQ,56,"[{'alias': 'japanese', 'title': 'Japanese'}]",4.0,39.68257,-74.24066,626 Rte 72 E,,,Manahawkin,NJ,08050,
1,Ki8l_CeuUW54ah0Zc1eiVA,Nardi's Tavern,False,https://www.yelp.com/biz/nardis-tavern-long-beach-township?adjust_creative=4eucNo6rT7PNhkEzgMEKJQ&utm_campaign=yelp_api_v3&utm_medium=api_v3_business_search&utm_source=4eucNo6rT7PNhkEzgMEKJQ,98,"[{'alias': 'bars', 'title': 'Bars'}, {'alias': 'tradamerican', 'title': 'American (Traditional)'}, {'alias': 'chicken_wings', 'title': 'Chicken Wings'}]",2.5,39.5923,-74.21876,11801 Long Beach Blvd,,,Long Beach Township,NJ,08008,$$
2,oLV6gAjmiCbUma1N9kRL8w,Carols Organic Eatery,False,https://www.yelp.com/biz/carols-organic-eatery-beach-haven-3?adjust_creative=4eucNo6rT7PNhkEzgMEKJQ&utm_campaign=yelp_api_v3&utm_medium=api_v3_business_search&utm_source=4eucNo6rT7PNhkEzgMEKJQ,21,"[{'alias': 'vegan', 'title': 'Vegan'}, {'alias': 'vegetarian', 'title': 'Vegetarian'}, {'alias': 'sandwiches', 'title': 'Sandwiches'}]",4.5,39.568381,-74.236465,805 N Bay Ave,,,Beach Haven,NJ,08008,$
3,iGIbEBPo4tDkDitwIQedgQ,The Shack,False,https://www.yelp.com/biz/the-shack-beach-haven-2?adjust_creative=4eucNo6rT7PNhkEzgMEKJQ&utm_campaign=yelp_api_v3&utm_medium=api_v3_business_search&utm_source=4eucNo6rT7PNhkEzgMEKJQ,83,"[{'alias': 'sandwiches', 'title': 'Sandwiches'}, {'alias': 'newamerican', 'title': 'American (New)'}, {'alias': 'mexican', 'title': 'Mexican'}]",3.0,39.5654226447719,-74.2389599676521,305 N Bay Ave,,,Beach Haven,NJ,08008,$$
4,jQw8XeSOBMp_1A34DKxOEg,Custard Hut and Pizza,False,https://www.yelp.com/biz/custard-hut-beach-haven?adjust_creative=4eucNo6rT7PNhkEzgMEKJQ&utm_campaign=yelp_api_v3&utm_medium=api_v3_business_search&utm_source=4eucNo6rT7PNhkEzgMEKJQ,29,"[{'alias': 'icecream', 'title': 'Ice Cream & Frozen Yogurt'}, {'alias': 'pizza', 'title': 'Pizza'}, {'alias': 'sandwiches', 'title': 'Sandwiches'}]",3.5,39.6187803339296,-74.1983771324158,6403 Long Beach Blvd,,,Beach Haven,NJ,08008,$
5,FkxQJxhi5HwE_4FkEs6IgQ,Joe Pop's Shore Bar & Restaurant,False,https://www.yelp.com/biz/joe-pops-shore-bar-and-restaurant-ship-bottom?adjust_creative=4eucNo6rT7PNhkEzgMEKJQ&utm_campaign=yelp_api_v3&utm_medium=api_v3_business_search&utm_source=4eucNo6rT7PNhkEzgMEKJQ,65,"[{'alias': 'bars', 'title': 'Bars'}, {'alias': 'newamerican', 'title': 'American (New)'}]",2.5,39.642055,-74.181161,2002 Long Beach Blvd,,,Ship Bottom,NJ,08008,$$
6,AQlob9hQHpzwVhgLOwbi5w,Bowkers South Beach Deli and Grill,False,https://www.yelp.com/biz/bowkers-south-beach-deli-and-grill-beach-haven?adjust_creative=4eucNo6rT7PNhkEzgMEKJQ&utm_campaign=yelp_api_v3&utm_medium=api_v3_business_search&utm_source=4eucNo6rT7PNhkEzgMEKJQ,27,"[{'alias': 'tradamerican', 'title': 'American (Traditional)'}, {'alias': 'delis', 'title': 'Delis'}]",4.0,39.5327219791585,-74.2625151732345,5404 S Long Beach Blvd,,,Beach Haven,NJ,08008,$
7,MGKAHqWCfyHzTP3qP24a8g,La Jarochita,False,https://www.yelp.com/biz/la-jarochita-manahawkin?adjust_creative=4eucNo6rT7PNhkEzgMEKJQ&utm_campaign=yelp_api_v3&utm_medium=api_v3_business_search&utm_source=4eucNo6rT7PNhkEzgMEKJQ,71,"[{'alias': 'mexican', 'title': 'Mexican'}]",3.5,39.688159,-74.24436,449 E Bay Ave,,,Manahawkin,NJ,08050,$$
8,kA0AdHDEVBjvUsV3ZXnyCQ,Beach Haven Fishery,False,https://www.yelp.com/biz/beach-haven-fishery-long-bch-township?adjust_creative=4eucNo6rT7PNhkEzgMEKJQ&utm_campaign=yelp_api_v3&utm_medium=api_v3_business_search&utm_source=4eucNo6rT7PNhkEzgMEKJQ,130,"[{'alias': 'seafoodmarkets', 'title': 'Seafood Markets'}, {'alias': 'seafood', 'title': 'Seafood'}]",3.0,39.57705,-74.23021,2115 Long Beach Blvd,,,Long Bch Township,NJ,08008,$$$
9,hu9o8U1EddlGs1PHBhu_1Q,The Bagel Shack,False,https://www.yelp.com/biz/the-bagel-shack-beach-haven?adjust_creative=4eucNo6rT7PNhkEzgMEKJQ&utm_campaign=yelp_api_v3&utm_medium=api_v3_business_search&utm_source=4eucNo6rT7PNhkEzgMEKJQ,61,"[{'alias': 'breakfast_brunch', 'title': 'Breakfast & Brunch'}, {'alias': 'bagels', 'title': 'Bagels'}]",4.0,39.56566,-74.23899,306 N Bay Ave,,,Beach Haven,NJ,08008,$
10,s-wbfcIEjTw_q2mRQFeysg,Element Restaurant & Bar,False,https://www.yelp.com/biz/element-restaurant-and-bar-stafford-township?adjust_creative=4eucNo6rT7PNhkEzgMEKJQ&utm_campaign=yelp_api_v3&utm_medium=api_v3_business_search&utm_source=4eucNo6rT7PNhkEzgMEKJQ,257,"[{'alias': 'steak', 'title': 'Steakhouses'}, {'alias': 'sushi', 'title': 'Sushi Bars'}, {'alias': 'seafood', 'title': 'Seafood'}]",3.5,39.706346,-74.275887,635 Rt 72 W,,,Stafford Township,NJ,08050,$$
11,6vjjcm-Sa3oRjGaxGlGXMg,The Sandbar,False,https://www.yelp.com/biz/the-sandbar-beach-haven?adjust_creative=4eucNo6rT7PNhkEzgMEKJQ&utm_campaign=yelp_api_v3&utm_medium=api_v3_business_search&utm_source=4eucNo6rT7PNhkEzgMEKJQ,20,"[{'alias': 'tradamerican', 'title': 'American (Traditional)'}, {'alias': 'seafood', 'title': 'Seafood'}, {'alias': 'sandwiches', 'title': 'Sandwiches'}]",3.5,39.5609588623047,-74.2370986938477,30 Engleside Ave,,,Beach Haven,NJ,08008,$
12,hwHf0_Qj8NggSTaZTrGsVA,Country Kettle Chowda,False,https://www.yelp.com/biz/country-kettle-chowda-beach-haven?adjust_creative=4eucNo6rT7PNhkEzgMEKJQ&utm_campaign=yelp_api_v3&utm_medium=api_v3_business_search&utm_source=4eucNo6rT7PNhkEzgMEKJQ,75,"[{'alias': 'seafood', 'title': 'Seafood'}, {'alias': 'soup', 'title': 'Soup'}]",4.5,39.56955,-74.2364,830 N Bay Ave,,Bay Village,Beach Haven,NJ,08008,$
13,GF5ZGlNv6gMaafkHNVc8zQ,Bahama Llama,False,https://www.yelp.com/biz/bahama-llama-beach-haven-2?adjust_creative=4eucNo6rT7PNhkEzgMEKJQ&utm_campaign=yelp_api_v3&utm_medium=api_v3_business_search&utm_source=4eucNo6rT7PNhkEzgMEKJQ,11,"[{'alias': 'latin', 'title': 'Latin American'}, {'alias': 'empanadas', 'title': 'Empanadas'}, {'alias': 'desserts', 'title': 'Desserts'}]",4.0,39.570147,-74.235889,325 9th St,Store 14,,Beach Haven,NJ,08008,
14,SSBJlg6o7cW5NTLcyIfKug,Wawa,False,https://www.yelp.com/biz/wawa-ship-bottom?adjust_creative=4eucNo6rT7PNhkEzgMEKJQ&utm_campaign=yelp_api_v3&utm_medium=api_v3_business_search&utm_source=4eucNo6rT7PNhkEzgMEKJQ,15,"[{'alias': 'coffee', 'title': 'Coffee & Tea'}, {'alias': 'sandwiches', 'title': 'Sandwiches'}]",4.0,39.649267,-74.176854,902 Central Ave,,,Ship Bottom,NJ,08008,$
15,uAOJ4nKIpz09ZNPkKJF6dQ,Francis',False,https://www.yelp.com/biz/francis-surf-city-2?adjust_creative=4eucNo6rT7PNhkEzgMEKJQ&utm_campaign=yelp_api_v3&utm_medium=api_v3_business_search&utm_source=4eucNo6rT7PNhkEzgMEKJQ,17,"[{'alias': 'french', 'title': 'French'}, {'alias': 'italian', 'title': 'Italian'}, {'alias': 'mediterranean', 'title': 'Mediterranean'}]",3.5,39.6642,-74.16431,1419 Long Beach Blvd,,,Surf City,NJ,08008,
16,cg9YLA6atpht7Br8c_abXQ,Surf City Pizza,False,https://www.yelp.com/biz/surf-city-pizza-surf-city?adjust_creative=4eucNo6rT7PNhkEzgMEKJQ&utm_campaign=yelp_api_v3&utm_medium=api_v3_business_search&utm_source=4eucNo6rT7PNhkEzgMEKJQ,85,"[{'alias': 'italian', 'title': 'Italian'}, {'alias': 'pizza', 'title': 'Pizza'}]",3.5,39.6616933246334,-74.1663145923372,1017 Long Beach Blvd,,,Surf City,NJ,08008,$
17,rZoCrij2A4b-IB8cT-XsZQ,Schooners Wharf Beach Haven,False,https://www.yelp.com/biz/schooners-wharf-beach-haven-ship-bottom?adjust_creative=4eucNo6rT7PNhkEzgMEKJQ&utm_campaign=yelp_api_v3&utm_medium=api_v3_business_search&utm_source=4eucNo6rT7PNhkEzgMEKJQ,1,"[{'alias': 'restaurants', 'title': 'Restaurants'}]",4.0,39.6476288,-74.1785812,1202 Central Ave,,,Ship Bottom,NJ,08008,
18,5kd2F8XTFhnl3_JQCXAeJQ,Bay Village Pizza,False,https://www.yelp.com/biz/bay-village-pizza-beach-haven?adjust_creative=4eucNo6rT7PNhkEzgMEKJQ&utm_campaign=yelp_api_v3&utm_medium=api_v3_business_search&utm_source=4eucNo6rT7PNhkEzgMEKJQ,58,"[{'alias': 'pizza', 'title': 'Pizza'}]",4.0,39.569394,-74.236805,830 N Bay Ave,,,Beach Haven,NJ,08008,$
19,lXN7bg6BX-d7pNinhBuplA,Uncle Will's,False,https://www.yelp.com/biz/uncle-wills-beach-haven?adjust_creative=4eucNo6rT7PNhkEzgMEKJQ&utm_campaign=yelp_api_v3&utm_medium=api_v3_business_search&utm_source=4eucNo6rT7PNhkEzgMEKJQ,214,"[{'alias': 'breakfast_brunch', 'title': 'Breakfast & Brunch'}]",4.0,39.56334,-74.23989,3 S Bay Ave,,,Beach Haven,NJ,08008,$$
20,kRF7naERWdYmLFuRp-SXAw,Poke Ai,False,https://www.yelp.com/biz/poke-ai-beach-haven?adjust_creative=4eucNo6rT7PNhkEzgMEKJQ&utm_campaign=yelp_api_v3&utm_medium=api_v3_business_search&utm_source=4eucNo6rT7PNhkEzgMEKJQ,10,"[{'alias': 'hawaiian', 'title': 'Hawaiian'}, {'alias': 'bubbletea', 'title': 'Bubble Tea'}, {'alias': 'poke', 'title': 'Poke'}]",4.0,39.57192,-74.234585,1214 N Bay Ave,Ste 2,,Beach Haven,NJ,08008,
21,OhsPB8AzUGnifaviQV6BKw,Anthony's Restaurant & Pizzeria,False,https://www.yelp.com/biz/anthonys-restaurant-and-pizzeria-manahawkin?adjust_creative=4eucNo6rT7PNhkEzgMEKJQ&utm_campaign=yelp_api_v3&utm_medium=api_v3_business_search&utm_source=4eucNo6rT7PNhkEzgMEKJQ,45,"[{'alias': 'pizza', 'title': 'Pizza'}, {'alias': 'chicken_wings', 'title': 'Chicken Wings'}, {'alias': 'sandwiches', 'title': 'Sandwiches'}]",4.0,39.676572,-74.235804,857 Mill Creek Rd,,,Manahawkin,NJ,08050,$
22,ZPPxCs0FVclYdQeNyIJD5A,Fry Guys By The Bay,False,https://www.yelp.com/biz/fry-guys-by-the-bay-beach-haven?adjust_creative=4eucNo6rT7PNhkEzgMEKJQ&utm_campaign=yelp_api_v3&utm_medium=api_v3_business_search&utm_source=4eucNo6rT7PNhkEzgMEKJQ,3,"[{'alias': 'hotdog', 'title': 'Hot Dogs'}, {'alias': 'icecream', 'title': 'Ice Cream & Frozen Yogurt'}, {'alias': 'hotdogs', 'title': 'Fast Food'}]",5.0,39.5703273116399,-74.2371683951847,325 9th St,,,Beach Haven,NJ,08008,$$
23,nPrldnsiTBqB_U53ChAIIg,Panzone's Pizza,False,https://www.yelp.com/biz/panzones-pizza-surf-city?adjust_creative=4eucNo6rT7PNhkEzgMEKJQ&utm_campaign=yelp_api_v3&utm_medium=api_v3_business_search&utm_source=4eucNo6rT7PNhkEzgMEKJQ,43,"[{'alias': 'pizza', 'title': 'Pizza'}, {'alias': 'sandwiches', 'title': 'Sandwiches'}, {'alias': 'burgers', 'title': 'Burgers'}]",3.0,39.66851,-74.16077,2117 Long Beach Blvd,,,Surf City,NJ,08008,$$
24,oEQi2SWiQLO5PL9lJzi0hA,Panzone's Pizza & Pasta,False,https://www.yelp.com/biz/panzones-pizza-and-pasta-beach-haven?adjust_creative=4eucNo6rT7PNhkEzgMEKJQ&utm_campaign=yelp_api_v3&utm_medium=api_v3_business_search&utm_source=4eucNo6rT7PNhkEzgMEKJQ,78,"[{'alias': 'pizza', 'title': 'Pizza'}, {'alias': 'italian', 'title': 'Italian'}, {'alias': 'sandwiches', 'title': 'Sandwiches'}]",3.5,39.57099,-74.2352499,1106 N Bay Ave,,,Beach Haven,NJ,08008,$$
25,SRgLa75CqgL4nFQgOSAN-A,Calloway's Restaurant & Bar,False,https://www.yelp.com/biz/calloways-restaurant-and-bar-west-creek?adjust_creative=4eucNo6rT7PNhkEzgMEKJQ&utm_campaign=yelp_api_v3&utm_medium=api_v3_business_search&utm_source=4eucNo6rT7PNhkEzgMEKJQ,60,"[{'alias': 'tradamerican', 'title': 'American (Traditional)'}, {'alias': 'beerbar', 'title': 'Beer Bar'}, {'alias': 'cocktailbars', 'title': 'Cocktail Bars'}]",3.5,39.662246,-74.284797,597 Main St,,,West Creek,NJ,08092,$$
26,GpJXltCmreZQcwI4nwDQ0g,China Wok,False,https://www.yelp.com/biz/china-wok-manahawkin?adjust_creative=4eucNo6rT7PNhkEzgMEKJQ&utm_campaign=yelp_api_v3&utm_medium=api_v3_business_search&utm_source=4eucNo6rT7PNhkEzgMEKJQ,16,"[{'alias': 'chinese', 'title': 'Chinese'}]",4.0,39.735657,-74.297689,1636 Rte 72 W,,,Manahawkin,NJ,08050,$$
27,KsmVtnP65BBu3FUjUyu5rw,Holiday Snack Bar,False,https://www.yelp.com/biz/holiday-snack-bar-beach-haven?adjust_creative=4eucNo6rT7PNhkEzgMEKJQ&utm_campaign=yelp_api_v3&utm_medium=api_v3_business_search&utm_source=4eucNo6rT7PNhkEzgMEKJQ,79,"[{'alias': 'tradamerican', 'title': 'American (Traditional)'}]",4.5,39.56464,-74.24164,401 Centre St,,,Beach Haven,NJ,08008,$
28,UIJN609vMM9TrfyuR5ehBA,Crêperie de la Mer,False,https://www.yelp.com/biz/cr%C3%AAperie-de-la-mer-beach-haven-7?adjust_creative=4eucNo6rT7PNhkEzgMEKJQ&utm_campaign=yelp_api_v3&utm_medium=api_v3_business_search&utm_source=4eucNo6rT7PNhkEzgMEKJQ,50,"[{'alias': 'creperies', 'title': 'Creperies'}, {'alias': 'coffee', 'title': 'Coffee & Tea'}, {'alias': 'juicebars', 'title': 'Juice Bars & Smoothies'}]",5.0,39.5643192,-74.2377183,210 N Beach Ave,,,Beach Haven,NJ,08008,$$
29,Pbph1_tFQl77nNST1AYNUg,Dio's Cafe,False,https://www.yelp.com/biz/dios-cafe-surf-city?adjust_creative=4eucNo6rT7PNhkEzgMEKJQ&utm_campaign=yelp_api_v3&utm_medium=api_v3_business_search&utm_source=4eucNo6rT7PNhkEzgMEKJQ,2,"[{'alias': 'breakfast_brunch', 'title': 'Breakfast & Brunch'}, {'alias': 'newamerican', 'title': 'American (New)'}, {'alias': 'steak', 'title': 'Steakhouses'}]",2.0,39.65824,-74.16825,512 Long Beach Blvd,,,Surf City,NJ,08008,
30,I5_zOBgvwqTvskLumtLVWA,Mi Pueblito,False,https://www.yelp.com/biz/mi-pueblito-eagleswood?adjust_creative=4eucNo6rT7PNhkEzgMEKJQ&utm_campaign=yelp_api_v3&utm_medium=api_v3_business_search&utm_source=4eucNo6rT7PNhkEzgMEKJQ,7,"[{'alias': 'tex-mex', 'title': 'Tex-Mex'}]",4.5,39.63203,-74.3096,166 Main St,,,Eagleswood,NJ,08092,
31,Olz7--3dfem8Us3wtgKddg,Harvey Cedars Shellfish,False,https://www.yelp.com/biz/harvey-cedars-shellfish-beach-haven?adjust_creative=4eucNo6rT7PNhkEzgMEKJQ&utm_campaign=yelp_api_v3&utm_medium=api_v3_business_search&utm_source=4eucNo6rT7PNhkEzgMEKJQ,15,"[{'alias': 'seafood', 'title': 'Seafood'}]",4.0,39.565121,-74.244202,506 Centre St,,,Beach Haven,NJ,08008,
32,eoj1Gw3jpvAClaX42BjOBg,Johnny’s Offshore Cafe,False,https://www.yelp.com/biz/johnny-s-offshore-cafe-stafford-township?adjust_creative=4eucNo6rT7PNhkEzgMEKJQ&utm_campaign=yelp_api_v3&utm_medium=api_v3_business_search&utm_source=4eucNo6rT7PNhkEzgMEKJQ,11,"[{'alias': 'breakfast_brunch', 'title': 'Breakfast & Brunch'}, {'alias': 'cafes', 'title': 'Cafes'}]",3.5,39.691496,-74.268712,100 Mckinley Ave,Ste 13,,Stafford Township,NJ,08050,
33,5gMWWvp7_o-fIIqKSkR_Eg,Calabria Ristorante,False,https://www.yelp.com/biz/calabria-ristorante-beach-haven?adjust_creative=4eucNo6rT7PNhkEzgMEKJQ&utm_campaign=yelp_api_v3&utm_medium=api_v3_business_search&utm_source=4eucNo6rT7PNhkEzgMEKJQ,45,"[{'alias': 'italian', 'title': 'Italian'}]",3.0,39.666733585041,-74.1616869484211,1901 Long Beach Blvd,,,Beach Haven,NJ,08008,$$
34,k3gWU8SvCzygf5FM24XFbw,Bubbakoo's Burritos,False,https://www.yelp.com/biz/bubbakoos-burritos-manahawkin?adjust_creative=4eucNo6rT7PNhkEzgMEKJQ&utm_campaign=yelp_api_v3&utm_medium=api_v3_business_search&utm_source=4eucNo6rT7PNhkEzgMEKJQ,7,"[{'alias': 'mexican', 'title': 'Mexican'}, {'alias': 'tex-mex', 'title': 'Tex-Mex'}]",4.5,39.7055174119271,-74.2767405059683,601 Washington Ave,,,Manahawkin,NJ,08050,
35,vQwqHvTx9zSb1x2n25mYgQ,Mystic Subs & More,False,https://www.yelp.com/biz/mystic-subs-and-more-stafford-township?adjust_creative=4eucNo6rT7PNhkEzgMEKJQ&utm_campaign=yelp_api_v3&utm_medium=api_v3_business_search&utm_source=4eucNo6rT7PNhkEzgMEKJQ,12,"[{'alias': 'sandwiches', 'title': 'Sandwiches'}, {'alias': 'tradamerican', 'title': 'American (Traditional)'}]",3.0,39.684738,-74.236357,657 E Bay Ave,,,Stafford Township,NJ,08050,
36,sdwz7bPoXkViQMK6ihqJuA,Bistro 14,False,https://www.yelp.com/biz/bistro-14-beach-haven?adjust_creative=4eucNo6rT7PNhkEzgMEKJQ&utm_campaign=yelp_api_v3&utm_medium=api_v3_business_search&utm_source=4eucNo6rT7PNhkEzgMEKJQ,136,"[{'alias': 'seafood', 'title': 'Seafood'}]",3.5,39.56955,-74.2364,830 N Bay Ave,,,Beach Haven,NJ,08008,$$
37,Ps-HnNpq_N3s8IkSIjJcvg,Mama Maria's Pizza,False,https://www.yelp.com/biz/mama-marias-pizza-west-creek?adjust_creative=4eucNo6rT7PNhkEzgMEKJQ&utm_campaign=yelp_api_v3&utm_medium=api_v3_business_search&utm_source=4eucNo6rT7PNhkEzgMEKJQ,26,"[{'alias': 'pizza', 'title': 'Pizza'}]",4.0,39.6532800175966,-74.2807199433446,1116 S Main St,,Rte 9 S,West Creek,NJ,08092,$$
38,PK77_9QwwkqTQMMXRn8T7g,Brazzi Wood Fired Trattoria & Pizza,False,https://www.yelp.com/biz/brazzi-wood-fired-trattoria-and-pizza-manahawkin-2?adjust_creative=4eucNo6rT7PNhkEzgMEKJQ&utm_campaign=yelp_api_v3&utm_medium=api_v3_business_search&utm_source=4eucNo6rT7PNhkEzgMEKJQ,144,"[{'alias': 'italian', 'title': 'Italian'}, {'alias': 'pizza', 'title': 'Pizza'}, {'alias': 'sandwiches', 'title': 'Sandwiches'}]",2.5,39.681462,-74.242815,601 Nj-72,,,Manahawkin,NJ,08050,$$
39,ukeS7dqqnPMs9f8AoDn0ZA,A Little Bite of Italy,False,https://www.yelp.com/biz/a-little-bite-of-italy-surf-city-2?adjust_creative=4eucNo6rT7PNhkEzgMEKJQ&utm_campaign=yelp_api_v3&utm_medium=api_v3_business_search&utm_source=4eucNo6rT7PNhkEzgMEKJQ,62,"[{'alias': 'delis', 'title': 'Delis'}, {'alias': 'breakfast_brunch', 'title': 'Breakfast & Brunch'}, {'alias': 'seafood', 'title': 'Seafood'}]",2.5,39.6642,-74.16431,1419 Long Beach Blvd,,,Surf City,NJ,08008,$$$
40,B2LQdjUw9nSQ5O2uSHUiCw,Anchor Produce Market,False,https://www.yelp.com/biz/anchor-produce-market-surf-city?adjust_creative=4eucNo6rT7PNhkEzgMEKJQ&utm_campaign=yelp_api_v3&utm_medium=api_v3_business_search&utm_source=4eucNo6rT7PNhkEzgMEKJQ,23,"[{'alias': 'grocery', 'title': 'Grocery'}, {'alias': 'delis', 'title': 'Delis'}]",4.0,39.66767,-74.16094,2012 Long Beach Blvd,,,Surf City,NJ,08008,$$
41,-FexcnuCjgRrGoY6kjgtcQ,Goodness Cafe By Sweet Melissa,False,https://www.yelp.com/biz/goodness-cafe-by-sweet-melissa-beach-haven?adjust_creative=4eucNo6rT7PNhkEzgMEKJQ&utm_campaign=yelp_api_v3&utm_medium=api_v3_business_search&utm_source=4eucNo6rT7PNhkEzgMEKJQ,1,"[{'alias': 'cafes', 'title': 'Cafes'}, {'alias': 'coffee', 'title': 'Coffee & Tea'}, {'alias': 'bakeries', 'title': 'Bakeries'}]",5.0,39.5704824726441,-74.2354908585548,1102 N Bay Ave,,,Beach Haven,NJ,08008,
42,swWiNCVkULMk8NIDVMm32w,Main Street Seafood and Grill,False,https://www.yelp.com/biz/main-street-seafood-and-grill-stafford-township?adjust_creative=4eucNo6rT7PNhkEzgMEKJQ&utm_campaign=yelp_api_v3&utm_medium=api_v3_business_search&utm_source=4eucNo6rT7PNhkEzgMEKJQ,1,"[{'alias': 'seafood', 'title': 'Seafood'}]",5.0,39.683477,-74.267906,507 S Main St,,,Stafford Township,NJ,08092,
43,JkS1JqtDV7elQVeUA5Cb4Q,Asian Gourmet,False,https://www.yelp.com/biz/asian-gourmet-stafford-township?adjust_creative=4eucNo6rT7PNhkEzgMEKJQ&utm_campaign=yelp_api_v3&utm_medium=api_v3_business_search&utm_source=4eucNo6rT7PNhkEzgMEKJQ,53,"[{'alias': 'japanese', 'title': 'Japanese'}, {'alias': 'chinese', 'title': 'Chinese'}]",3.5,39.6949900650045,-74.2587983602484,25 S Main St,,,Stafford Township,NJ,08050,$$
44,APUPHmX0gk2oMwemGF7W6Q,Unbelievabowls,False,https://www.yelp.com/biz/unbelievabowls-west-creek?adjust_creative=4eucNo6rT7PNhkEzgMEKJQ&utm_campaign=yelp_api_v3&utm_medium=api_v3_business_search&utm_source=4eucNo6rT7PNhkEzgMEKJQ,1,"[{'alias': 'icecream', 'title': 'Ice Cream & Frozen Yogurt'}, {'alias': 'salad', 'title': 'Salad'}, {'alias': 'coffee', 'title': 'Coffee & Tea'}]",5.0,39.6359128664,-74.30597,232 Rte 9,,,West Creek,NJ,08092,
45,sCSVSX-1d4xKZx4hGyb7bw,Neptune's Surfside Grill,False,https://www.yelp.com/biz/neptunes-surfside-grill-harvey-cedars?adjust_creative=4eucNo6rT7PNhkEzgMEKJQ&utm_campaign=yelp_api_v3&utm_medium=api_v3_business_search&utm_source=4eucNo6rT7PNhkEzgMEKJQ,2,"[{'alias': 'breakfast_brunch', 'title': 'Breakfast & Brunch'}, {'alias': 'seafood', 'title': 'Seafood'}, {'alias': 'tradamerican', 'title': 'American (Traditional)'}]",3.0,39.70732,-74.13334,8001 Long Beach Blvd,,,Harvey Cedars,NJ,08008,
46,Mw6DgOGdf2Z22lhmDGdMmw,Gazebo Grill and Sushi Bar,False,https://www.yelp.com/biz/gazebo-grill-and-sushi-bar-beach-haven-3?adjust_creative=4eucNo6rT7PNhkEzgMEKJQ&utm_campaign=yelp_api_v3&utm_medium=api_v3_business_search&utm_source=4eucNo6rT7PNhkEzgMEKJQ,29,"[{'alias': 'tradamerican', 'title': 'American (Traditional)'}, {'alias': 'seafood', 'title': 'Seafood'}, {'alias': 'sushi', 'title': 'Sushi Bars'}]",3.5,39.57037193612584,-74.23735695535339,325 9th St,,,Beach Haven,NJ,08008,$$
47,ygEuUXJIL2m4-4hIBm98LQ,J T 's Restaurant,False,https://www.yelp.com/biz/j-t-s-restaurant-little-egg-harbor-twp?adjust_creative=4eucNo6rT7PNhkEzgMEKJQ&utm_campaign=yelp_api_v3&utm_medium=api_v3_business_search&utm_source=4eucNo6rT7PNhkEzgMEKJQ,19,"[{'alias': 'diners', 'title': 'Diners'}, {'alias': 'breakfast_brunch', 'title': 'Breakfast & Brunch'}]",3.0,39.619294,-74.320586,635 US Hwy 9 N,,,Little Egg Harbor Twp,NJ,08087,$$
48,pb3k1-wqvx_hXEav7FwyRQ,Applebee's Grill + Bar,False,https://www.yelp.com/biz/applebees-grill-bar-manahawkin-2?adjust_creative=4eucNo6rT7PNhkEzgMEKJQ&utm_campaign=yelp_api_v3&utm_medium=api_v3_business_search&utm_source=4eucNo6rT7PNhkEzgMEKJQ,39,"[{'alias': 'tradamerican', 'title': 'American (Traditional)'}, {'alias': 'sportsbars', 'title': 'Sports Bars'}, {'alias': 'burgers', 'title': 'Burgers'}]",3.0,39.697485,-74.266907,205 Rt 72 W,,,Manahawkin,NJ,08050,$$
49,xaDnACnI4wF3YDjqTvWo-A,Deninos Manahawkin Pizzeria,False,https://www.yelp.com/biz/deninos-manahawkin-pizzeria-manahawkin?adjust_creative=4eucNo6rT7PNhkEzgMEKJQ&utm_campaign=yelp_api_v3&utm_medium=api_v3_business_search&utm_source=4eucNo6rT7PNhkEzgMEKJQ,55,"[{'alias': 'pizza', 'title': 'Pizza'}]",3.0,39.692673,-74.26881,100 McKinely Ave,,,Manahawkin,NJ,08850,$$
0,7ntaA_huPzDedTe4Mn8kJw,Spray Beach Bagel & Deli,False,https://www.yelp.com/biz/spray-beach-bagel-and-deli-north-beach-haven?adjust_creative=4eucNo6rT7PNhkEzgMEKJQ&utm_campaign=yelp_api_v3&utm_medium=api_v3_business_search&utm_source=4eucNo6rT7PNhkEzgMEKJQ,27,"[{'alias': 'bagels', 'title': 'Bagels'}, {'alias': 'delis', 'title': 'Delis'}]",3.5,39.580028,-74.228135,2611 Long Beach Blvd,,,North Beach Haven,NJ,08008,$
1,jsDsEXBWa5Ip8yaSahOYZQ,Stafford Diner,False,https://www.yelp.com/biz/stafford-diner-manahawkin?adjust_creative=4eucNo6rT7PNhkEzgMEKJQ&utm_campaign=yelp_api_v3&utm_medium=api_v3_business_search&utm_source=4eucNo6rT7PNhkEzgMEKJQ,136,"[{'alias': 'diners', 'title': 'Diners'}]",3.0,39.7264343011981,-74.2903365762527,1388 Route 72 W,,,Manahawkin,NJ,08050,$$
2,i1zhHINnhNDFrebbs9UWGg,Island Catering,False,https://www.yelp.com/biz/island-catering-surf-city?adjust_creative=4eucNo6rT7PNhkEzgMEKJQ&utm_campaign=yelp_api_v3&utm_medium=api_v3_business_search&utm_source=4eucNo6rT7PNhkEzgMEKJQ,1,"[{'alias': 'catering', 'title': 'Caterers'}, {'alias': 'bbq', 'title': 'Barbeque'}]",5.0,39.6601715087891,-74.1672897338867,,,,Surf City,NJ,08008,
3,n2D6E4QNE1rLs8BzWOtmRQ,Gyro Haven,False,https://www.yelp.com/biz/gyro-haven-beach-haven-2?adjust_creative=4eucNo6rT7PNhkEzgMEKJQ&utm_campaign=yelp_api_v3&utm_medium=api_v3_business_search&utm_source=4eucNo6rT7PNhkEzgMEKJQ,1,"[{'alias': 'kebab', 'title': 'Kebab'}, {'alias': 'mediterranean', 'title': 'Mediterranean'}, {'alias': 'breakfast_brunch', 'title': 'Breakfast & Brunch'}]",5.0,39.5698477294038,-74.2353745177388,909 N Bay Ave,,,Beach Haven,NJ,08008,
4,rmVYTKpK-NaHitmzFQCaMA,Slice of Heaven,False,https://www.yelp.com/biz/slice-of-heaven-beach-haven?adjust_creative=4eucNo6rT7PNhkEzgMEKJQ&utm_campaign=yelp_api_v3&utm_medium=api_v3_business_search&utm_source=4eucNo6rT7PNhkEzgMEKJQ,68,"[{'alias': 'pizza', 'title': 'Pizza'}]",3.0,39.56771,-74.23753,610 N Bay Ave,,,Beach Haven,NJ,08008,$
5,vavfHMHBMtB-BgVZl69MOQ,Spice It Up,False,https://www.yelp.com/biz/spice-it-up-beach-haven?adjust_creative=4eucNo6rT7PNhkEzgMEKJQ&utm_campaign=yelp_api_v3&utm_medium=api_v3_business_search&utm_source=4eucNo6rT7PNhkEzgMEKJQ,16,"[{'alias': 'grocery', 'title': 'Grocery'}, {'alias': 'delis', 'title': 'Delis'}]",4.5,39.5694948092473,-74.2368103117646,830 N Bay Ave,,,Beach Haven,NJ,08008,$$
6,GKbrDtZKwUf1u_iH97dEtw,Shore Good Donuts,False,https://www.yelp.com/biz/shore-good-donuts-manahawkin?adjust_creative=4eucNo6rT7PNhkEzgMEKJQ&utm_campaign=yelp_api_v3&utm_medium=api_v3_business_search&utm_source=4eucNo6rT7PNhkEzgMEKJQ,21,"[{'alias': 'donuts', 'title': 'Donuts'}, {'alias': 'coffee', 'title': 'Coffee & Tea'}, {'alias': 'sandwiches', 'title': 'Sandwiches'}]",3.5,39.702884,-74.272676,495 Rte 72 W,,,Manahawkin,NJ,08050,
7,juOUTjRgDermHttTGBJfMQ,72 East American Bar & Grill,False,https://www.yelp.com/biz/72-east-american-bar-and-grill-manahawkin-2?adjust_creative=4eucNo6rT7PNhkEzgMEKJQ&utm_campaign=yelp_api_v3&utm_medium=api_v3_business_search&utm_source=4eucNo6rT7PNhkEzgMEKJQ,4,"[{'alias': 'newamerican', 'title': 'American (New)'}, {'alias': 'italian', 'title': 'Italian'}, {'alias': 'lounges', 'title': 'Lounges'}]",3.0,39.6962220221758,-74.2633201181889,151 Rt 72 W,,,Manahawkin,NJ,08050,
8,uf6NUzQ7aknopwrKpCe20g,Foodies Takeout,False,https://www.yelp.com/biz/foodies-takeout-harvey-cedars?adjust_creative=4eucNo6rT7PNhkEzgMEKJQ&utm_campaign=yelp_api_v3&utm_medium=api_v3_business_search&utm_source=4eucNo6rT7PNhkEzgMEKJQ,6,"[{'alias': 'pizza', 'title': 'Pizza'}, {'alias': 'delis', 'title': 'Delis'}, {'alias': 'bakeries', 'title': 'Bakeries'}]",1.5,39.7076857,-74.1337305,8010 Long Beach Blvd,,,Harvey Cedars,NJ,08008,
9,1f4FihkVEzk-_7g-4jNJrQ,Marlin Restaurant & Bar,False,https://www.yelp.com/biz/marlin-restaurant-and-bar-beach-haven?adjust_creative=4eucNo6rT7PNhkEzgMEKJQ&utm_campaign=yelp_api_v3&utm_medium=api_v3_business_search&utm_source=4eucNo6rT7PNhkEzgMEKJQ,80,"[{'alias': 'seafood', 'title': 'Seafood'}, {'alias': 'soup', 'title': 'Soup'}, {'alias': 'pizza', 'title': 'Pizza'}]",2.5,39.56353,-74.24049,2 S Bay Ave,,,Beach Haven,NJ,08008,$$
10,IAG4Nx3AKFYTRWf0_z_ilQ,TGI Fridays,False,https://www.yelp.com/biz/tgi-fridays-manahawkin?adjust_creative=4eucNo6rT7PNhkEzgMEKJQ&utm_campaign=yelp_api_v3&utm_medium=api_v3_business_search&utm_source=4eucNo6rT7PNhkEzgMEKJQ,49,"[{'alias': 'tradamerican', 'title': 'American (Traditional)'}]",3.0,39.70624,-74.27594,601 Washington Ave,,,Manahawkin,NJ,08050,$$
11,8szBhni6evYJ5u-ylr4Yxg,Pietro's Italian Restaurant And Pizzeria,False,https://www.yelp.com/biz/pietros-italian-restaurant-and-pizzeria-manahawkin?adjust_creative=4eucNo6rT7PNhkEzgMEKJQ&utm_campaign=yelp_api_v3&utm_medium=api_v3_business_search&utm_source=4eucNo6rT7PNhkEzgMEKJQ,53,"[{'alias': 'pizza', 'title': 'Pizza'}, {'alias': 'italian', 'title': 'Italian'}]",3.0,39.684976,-74.2346602,712 E Bay Ave,,,Manahawkin,NJ,08050,$$
12,eRFhmtrceHecVZ0fFCrPlg,Peking Garden,False,https://www.yelp.com/biz/peking-garden-manahawkin?adjust_creative=4eucNo6rT7PNhkEzgMEKJQ&utm_campaign=yelp_api_v3&utm_medium=api_v3_business_search&utm_source=4eucNo6rT7PNhkEzgMEKJQ,19,"[{'alias': 'chinese', 'title': 'Chinese'}]",3.5,39.68499,-74.23958,609 E Bay Ave,Ste J,,Manahawkin,NJ,08050,$
13,ueDRR2f7E1HGgwxitEyzig,Lexi's Deli,False,https://www.yelp.com/biz/lexis-deli-manahawkin?adjust_creative=4eucNo6rT7PNhkEzgMEKJQ&utm_campaign=yelp_api_v3&utm_medium=api_v3_business_search&utm_source=4eucNo6rT7PNhkEzgMEKJQ,1,"[{'alias': 'breakfast_brunch', 'title': 'Breakfast & Brunch'}, {'alias': 'delis', 'title': 'Delis'}]",4.0,39.684501439333,-74.2350449413061,712 E Bay Ave,,,Manahawkin,NJ,08050,$
14,kUVJyF65GIthHoll6yWUOw,Chipotle Mexican Grill,False,https://www.yelp.com/biz/chipotle-mexican-grill-manahawkin?adjust_creative=4eucNo6rT7PNhkEzgMEKJQ&utm_campaign=yelp_api_v3&utm_medium=api_v3_business_search&utm_source=4eucNo6rT7PNhkEzgMEKJQ,15,"[{'alias': 'hotdogs', 'title': 'Fast Food'}, {'alias': 'mexican', 'title': 'Mexican'}]",2.5,39.7040625,-74.2756101,385 Martin Truex Jr Blvd,,,Manahawkin,NJ,08050,
15,RkS2teBUMHswVjeGdWMJTw,Grannie Annie's Ice Cream Cafe,False,https://www.yelp.com/biz/grannie-annies-ice-cream-cafe-surf-city?adjust_creative=4eucNo6rT7PNhkEzgMEKJQ&utm_campaign=yelp_api_v3&utm_medium=api_v3_business_search&utm_source=4eucNo6rT7PNhkEzgMEKJQ,33,"[{'alias': 'icecream', 'title': 'Ice Cream & Frozen Yogurt'}, {'alias': 'juicebars', 'title': 'Juice Bars & Smoothies'}, {'alias': 'waffles', 'title': 'Waffles'}]",2.0,39.6591590696915,-74.168347120285,615 Long Beach Blvd,,,Surf City,NJ,08008,
16,pvZ4NwofPSmm954xNESHqQ,Brain Freeze Icecream Parlor,False,https://www.yelp.com/biz/brain-freeze-icecream-parlor-beach-haven?adjust_creative=4eucNo6rT7PNhkEzgMEKJQ&utm_campaign=yelp_api_v3&utm_medium=api_v3_business_search&utm_source=4eucNo6rT7PNhkEzgMEKJQ,5,"[{'alias': 'hotdog', 'title': 'Hot Dogs'}, {'alias': 'breakfast_brunch', 'title': 'Breakfast & Brunch'}, {'alias': 'icecream', 'title': 'Ice Cream & Frozen Yogurt'}]",4.5,39.562986781889,-74.2390697884392,Centre St,,,Beach Haven,NJ,08008,$
17,p7mln7RSyoUs2lvgCCuWFQ,El Tenampa Mexican Restaurant,False,https://www.yelp.com/biz/el-tenampa-mexican-restaurant-manahawkin?adjust_creative=4eucNo6rT7PNhkEzgMEKJQ&utm_campaign=yelp_api_v3&utm_medium=api_v3_business_search&utm_source=4eucNo6rT7PNhkEzgMEKJQ,63,"[{'alias': 'mexican', 'title': 'Mexican'}]",3.5,39.7070083618164,-74.2764434814453,655 Rt 72 W,,,Manahawkin,NJ,08050,$$
18,_IghmOFZlE2Zof-utL8bGQ,Wawa,False,https://www.yelp.com/biz/wawa-long-beach-township?adjust_creative=4eucNo6rT7PNhkEzgMEKJQ&utm_campaign=yelp_api_v3&utm_medium=api_v3_business_search&utm_source=4eucNo6rT7PNhkEzgMEKJQ,13,"[{'alias': 'coffee', 'title': 'Coffee & Tea'}, {'alias': 'sandwiches', 'title': 'Sandwiches'}]",3.5,39.58526,-74.22414,13115 Long Beach Blvd,,,Long Beach Township,NJ,08008,$
19,38ptHh9uio-Pw1HIBr15kA,Bagels & Beyond,False,https://www.yelp.com/biz/bagels-and-beyond-manahawkin?adjust_creative=4eucNo6rT7PNhkEzgMEKJQ&utm_campaign=yelp_api_v3&utm_medium=api_v3_business_search&utm_source=4eucNo6rT7PNhkEzgMEKJQ,42,"[{'alias': 'delis', 'title': 'Delis'}, {'alias': 'bagels', 'title': 'Bagels'}]",3.5,39.67699,-74.23606,853 Mill Creek Rd,,,Manahawkin,NJ,08050,$
20,nzidQxlAVDjRwoXY2w4SKA,Tan's Garden Chinese Restaurant,False,https://www.yelp.com/biz/tans-garden-chinese-restaurant-stafford-township?adjust_creative=4eucNo6rT7PNhkEzgMEKJQ&utm_campaign=yelp_api_v3&utm_medium=api_v3_business_search&utm_source=4eucNo6rT7PNhkEzgMEKJQ,27,"[{'alias': 'chinese', 'title': 'Chinese'}]",3.0,39.6993496941712,-74.269831053817,297 State Hwy 72 NW,,,Stafford Township,NJ,08050,$$
21,uakbzm-35Q4bUirhQCZ1Bw,Makoto Japanese Steak House,False,https://www.yelp.com/biz/makoto-japanese-steak-house-manahawkin?adjust_creative=4eucNo6rT7PNhkEzgMEKJQ&utm_campaign=yelp_api_v3&utm_medium=api_v3_business_search&utm_source=4eucNo6rT7PNhkEzgMEKJQ,65,"[{'alias': 'japanese', 'title': 'Japanese'}, {'alias': 'sushi', 'title': 'Sushi Bars'}]",3.5,39.699516,-74.269582,297 Route 72 W,,,Manahawkin,NJ,08050,$$
22,nVpfMDwWN6Kntu0ImcNr5g,Rays New York Pizza,False,https://www.yelp.com/biz/rays-new-york-pizza-manahawkin?adjust_creative=4eucNo6rT7PNhkEzgMEKJQ&utm_campaign=yelp_api_v3&utm_medium=api_v3_business_search&utm_source=4eucNo6rT7PNhkEzgMEKJQ,26,"[{'alias': 'pizza', 'title': 'Pizza'}]",3.0,39.68647,-74.24222,545 Mill Creek Rd,,,Manahawkin,NJ,08050,$
23,XyA1berZUjCMwT0qbbuvVQ,Gourmet Deli,False,https://www.yelp.com/biz/gourmet-deli-west-creek?adjust_creative=4eucNo6rT7PNhkEzgMEKJQ&utm_campaign=yelp_api_v3&utm_medium=api_v3_business_search&utm_source=4eucNo6rT7PNhkEzgMEKJQ,15,"[{'alias': 'delis', 'title': 'Delis'}]",3.5,39.666032,-74.280789,650 Main St,,,West Creek,NJ,08092,$
24,m3sReHa9NtsgfIhcLpiLoA,Fusaro Pizza,False,https://www.yelp.com/biz/fusaro-pizza-manahawkin?adjust_creative=4eucNo6rT7PNhkEzgMEKJQ&utm_campaign=yelp_api_v3&utm_medium=api_v3_business_search&utm_source=4eucNo6rT7PNhkEzgMEKJQ,51,"[{'alias': 'italian', 'title': 'Italian'}, {'alias': 'pizza', 'title': 'Pizza'}, {'alias': 'cheesesteaks', 'title': 'Cheesesteaks'}]",3.5,39.6959733771944,-74.2582863735225,31 North Main St,,,Manahawkin,NJ,08050,$$
25,ozCkSnk8DCZn4L9mc_Hunw,Wawa,False,https://www.yelp.com/biz/wawa-manahawkin-3?adjust_creative=4eucNo6rT7PNhkEzgMEKJQ&utm_campaign=yelp_api_v3&utm_medium=api_v3_business_search&utm_source=4eucNo6rT7PNhkEzgMEKJQ,16,"[{'alias': 'coffee', 'title': 'Coffee & Tea'}, {'alias': 'sandwiches', 'title': 'Sandwiches'}]",4.0,39.687913,-74.250074,320 Route 72 East,,,Manahawkin,NJ,08050,$
26,CERXDCFdgEInYpMelQFZKw,Wawa,False,https://www.yelp.com/biz/wawa-manahawkin-4?adjust_creative=4eucNo6rT7PNhkEzgMEKJQ&utm_campaign=yelp_api_v3&utm_medium=api_v3_business_search&utm_source=4eucNo6rT7PNhkEzgMEKJQ,5,"[{'alias': 'coffee', 'title': 'Coffee & Tea'}, {'alias': 'sandwiches', 'title': 'Sandwiches'}]",4.0,39.7081319795542,-74.2532892021641,470 N Main St,,,Manahawkin,NJ,08050,
27,OHMFJ1D_41TPWdQ0WUClcg,Jersey Mike's Subs,False,https://www.yelp.com/biz/jersey-mikes-subs-manahawkin-3?adjust_creative=4eucNo6rT7PNhkEzgMEKJQ&utm_campaign=yelp_api_v3&utm_medium=api_v3_business_search&utm_source=4eucNo6rT7PNhkEzgMEKJQ,27,"[{'alias': 'hotdogs', 'title': 'Fast Food'}, {'alias': 'delis', 'title': 'Delis'}, {'alias': 'sandwiches', 'title': 'Sandwiches'}]",3.5,39.694827,-74.258997,25 South Main St,,,Manahawkin,NJ,08050,$
28,8pLGol0U7nZ75nDsLTP4kg,Horizon Diner,False,https://www.yelp.com/biz/horizon-diner-manahawkin?adjust_creative=4eucNo6rT7PNhkEzgMEKJQ&utm_campaign=yelp_api_v3&utm_medium=api_v3_business_search&utm_source=4eucNo6rT7PNhkEzgMEKJQ,44,"[{'alias': 'diners', 'title': 'Diners'}]",3.5,39.694952,-74.257891,32 E Bay Ave,,,Manahawkin,NJ,08050,$
29,R0OQxBmBIl689jhZbjvkGg,IHOP,False,https://www.yelp.com/biz/ihop-manahawkin?adjust_creative=4eucNo6rT7PNhkEzgMEKJQ&utm_campaign=yelp_api_v3&utm_medium=api_v3_business_search&utm_source=4eucNo6rT7PNhkEzgMEKJQ,39,"[{'alias': 'tradamerican', 'title': 'American (Traditional)'}, {'alias': 'breakfast_brunch', 'title': 'Breakfast & Brunch'}, {'alias': 'burgers', 'title': 'Burgers'}]",3.0,39.6992,-74.26893,297 Route 72 W,,,Manahawkin,NJ,08050,$
30,weOt7pjDdLgtU9xowdcIeQ,West Creek Liquors & General Store,False,https://www.yelp.com/biz/west-creek-liquors-and-general-store-manahawkin?adjust_creative=4eucNo6rT7PNhkEzgMEKJQ&utm_campaign=yelp_api_v3&utm_medium=api_v3_business_search&utm_source=4eucNo6rT7PNhkEzgMEKJQ,2,"[{'alias': 'beer_and_wine', 'title': 'Beer, Wine & Spirits'}, {'alias': 'pizza', 'title': 'Pizza'}]",4.0,39.69229,-74.26396,166 S Main St,,,Manahawkin,NJ,08050,
31,e7K4WefkJ8b5GaMDv4KtpQ,Joey's Pizza & Pasta,False,https://www.yelp.com/biz/joeys-pizza-and-pasta-manahawkin-2?adjust_creative=4eucNo6rT7PNhkEzgMEKJQ&utm_campaign=yelp_api_v3&utm_medium=api_v3_business_search&utm_source=4eucNo6rT7PNhkEzgMEKJQ,51,"[{'alias': 'pizza', 'title': 'Pizza'}]",2.5,39.725419,-74.289441,1340 Rt 72 W,,,Manahawkin,NJ,08050,$$
32,Z3x8WVXdEYgudsN-IirtSg,Woodies II,False,https://www.yelp.com/biz/woodies-ii-long-beach-township?adjust_creative=4eucNo6rT7PNhkEzgMEKJQ&utm_campaign=yelp_api_v3&utm_medium=api_v3_business_search&utm_source=4eucNo6rT7PNhkEzgMEKJQ,42,"[{'alias': 'burgers', 'title': 'Burgers'}]",3.0,39.58417,-74.22564,13410 Long Beach Blvd,,,Long Beach Township,NJ,08008,$
33,ZfpF6fpDzdMQILZxvWxOsw,eats cafe,False,https://www.yelp.com/biz/eats-cafe-beach-haven?adjust_creative=4eucNo6rT7PNhkEzgMEKJQ&utm_campaign=yelp_api_v3&utm_medium=api_v3_business_search&utm_source=4eucNo6rT7PNhkEzgMEKJQ,1,"[{'alias': 'cafes', 'title': 'Cafes'}]",3.0,39.5562673,-74.2453994,1114 S Bay Ave,,,Beach Haven,NJ,08008,
34,quPFvME0oEqueC_biaA2YA,Olive Garden Italian Restaurant,False,https://www.yelp.com/biz/olive-garden-italian-restaurant-manahawkin-3?adjust_creative=4eucNo6rT7PNhkEzgMEKJQ&utm_campaign=yelp_api_v3&utm_medium=api_v3_business_search&utm_source=4eucNo6rT7PNhkEzgMEKJQ,69,"[{'alias': 'italian', 'title': 'Italian'}, {'alias': 'salad', 'title': 'Salad'}, {'alias': 'soup', 'title': 'Soup'}]",2.5,39.7108344737387,-74.2869721883968,234 Stafford Park Blvd,,,Manahawkin,NJ,08050,$$
35,oUC1enDcGfltuIZXd4OSrA,Nick’s pizza And pasta,False,https://www.yelp.com/biz/nick-s-pizza-and-pasta-stafford-township-2?adjust_creative=4eucNo6rT7PNhkEzgMEKJQ&utm_campaign=yelp_api_v3&utm_medium=api_v3_business_search&utm_source=4eucNo6rT7PNhkEzgMEKJQ,22,"[{'alias': 'italian', 'title': 'Italian'}, {'alias': 'pizza', 'title': 'Pizza'}]",3.5,39.735696,-74.297622,1636 NJ-72,,,Stafford Township,NJ,08050,$$
36,W-DLbhSfu2w3sK6rdAw51A,Mexican Fast Food,False,https://www.yelp.com/biz/mexican-fast-food-stafford-township?adjust_creative=4eucNo6rT7PNhkEzgMEKJQ&utm_campaign=yelp_api_v3&utm_medium=api_v3_business_search&utm_source=4eucNo6rT7PNhkEzgMEKJQ,1,"[{'alias': 'mexican', 'title': 'Mexican'}, {'alias': 'hotdogs', 'title': 'Fast Food'}]",4.0,39.6819633990526,-74.2295558005571,900 E Bay Ave,,,Stafford Township,NJ,08050,
37,ylK9HB_QNyhtLEttg_OMzg,Jack's NYC Bagels and Deli,False,https://www.yelp.com/biz/jacks-nyc-bagels-and-deli-n-beach-haven?adjust_creative=4eucNo6rT7PNhkEzgMEKJQ&utm_campaign=yelp_api_v3&utm_medium=api_v3_business_search&utm_source=4eucNo6rT7PNhkEzgMEKJQ,4,"[{'alias': 'delis', 'title': 'Delis'}, {'alias': 'salad', 'title': 'Salad'}, {'alias': 'coffee', 'title': 'Coffee & Tea'}]",2.0,39.57161,-74.234,1211 Long Beach Blvd,,,N Beach Haven,NJ,08008,
38,Sg9SMysf-zspGTOhYOj_0g,Wawa,False,https://www.yelp.com/biz/wawa-manahawkin-5?adjust_creative=4eucNo6rT7PNhkEzgMEKJQ&utm_campaign=yelp_api_v3&utm_medium=api_v3_business_search&utm_source=4eucNo6rT7PNhkEzgMEKJQ,8,"[{'alias': 'coffee', 'title': 'Coffee & Tea'}, {'alias': 'sandwiches', 'title': 'Sandwiches'}]",3.0,39.72711,-74.29087,1400 Route 72,,,Manahawkin,NJ,08050,$
39,pjngrCUGboFoN_ECLV4DnQ,Taco Bell,False,https://www.yelp.com/biz/taco-bell-manahawkin?adjust_creative=4eucNo6rT7PNhkEzgMEKJQ&utm_campaign=yelp_api_v3&utm_medium=api_v3_business_search&utm_source=4eucNo6rT7PNhkEzgMEKJQ,6,"[{'alias': 'hotdogs', 'title': 'Fast Food'}, {'alias': 'mexican', 'title': 'Mexican'}]",1.5,39.710504,-74.27844,674 Route 72 E,,,Manahawkin,NJ,08050,$
40,KBujNRgPKgT3Mu5aat2kiA,McDonald's,False,https://www.yelp.com/biz/mcdonalds-manahawkin-2?adjust_creative=4eucNo6rT7PNhkEzgMEKJQ&utm_campaign=yelp_api_v3&utm_medium=api_v3_business_search&utm_source=4eucNo6rT7PNhkEzgMEKJQ,10,"[{'alias': 'hotdogs', 'title': 'Fast Food'}, {'alias': 'burgers', 'title': 'Burgers'}, {'alias': 'coffee', 'title': 'Coffee & Tea'}]",2.0,39.7080542926634,-74.2775078816521,757 Rt 72 W,,,Manahawkin,NJ,08050,$
41,In1WDx2o6im7P2FWbmQmzw,Chowder Hut,False,https://www.yelp.com/biz/chowder-hut-beach-haven?adjust_creative=4eucNo6rT7PNhkEzgMEKJQ&utm_campaign=yelp_api_v3&utm_medium=api_v3_business_search&utm_source=4eucNo6rT7PNhkEzgMEKJQ,12,"[{'alias': 'seafood', 'title': 'Seafood'}]",3.0,39.56907,-74.23581,827 N Bay Ave,,,Beach Haven,NJ,08008,$$
42,QF8l1lcM0_Zvx2835bN5cw,Wendy's,False,https://www.yelp.com/biz/wendys-manahawkin?adjust_creative=4eucNo6rT7PNhkEzgMEKJQ&utm_campaign=yelp_api_v3&utm_medium=api_v3_business_search&utm_source=4eucNo6rT7PNhkEzgMEKJQ,9,"[{'alias': 'burgers', 'title': 'Burgers'}, {'alias': 'hotdogs', 'title': 'Fast Food'}]",3.5,39.700683258951,-74.2677555134559,356 Route 72 West,,,Manahawkin,NJ,08050,$
43,0LL-pGMFeh4gIUGlO0wbAg,Philly Pretzel Factory,False,https://www.yelp.com/biz/philly-pretzel-factory-beach-haven?adjust_creative=4eucNo6rT7PNhkEzgMEKJQ&utm_campaign=yelp_api_v3&utm_medium=api_v3_business_search&utm_source=4eucNo6rT7PNhkEzgMEKJQ,1,"[{'alias': 'bakeries', 'title': 'Bakeries'}, {'alias': 'pretzels', 'title': 'Pretzels'}, {'alias': 'hotdog', 'title': 'Hot Dogs'}]",1.0,39.57037495375017,-74.23708002533773,325 9th St,,,Beach Haven,NJ,08008,$$$
44,WQf5Q20suQk3LpFMajumNQ,KFC,False,https://www.yelp.com/biz/kfc-manahawkin?adjust_creative=4eucNo6rT7PNhkEzgMEKJQ&utm_campaign=yelp_api_v3&utm_medium=api_v3_business_search&utm_source=4eucNo6rT7PNhkEzgMEKJQ,7,"[{'alias': 'hotdogs', 'title': 'Fast Food'}, {'alias': 'chicken_wings', 'title': 'Chicken Wings'}, {'alias': 'chickenshop', 'title': 'Chicken Shop'}]",3.0,39.7021533961306,-74.2696873790923,382 State Highway 72,,,Manahawkin,NJ,08050,$
45,xD3EJ92vzSY7ZdEFKBKZdw,Domino's Pizza,False,https://www.yelp.com/biz/dominos-pizza-barnegat-2?adjust_creative=4eucNo6rT7PNhkEzgMEKJQ&utm_campaign=yelp_api_v3&utm_medium=api_v3_business_search&utm_source=4eucNo6rT7PNhkEzgMEKJQ,19,"[{'alias': 'chicken_wings', 'title': 'Chicken Wings'}, {'alias': 'pizza', 'title': 'Pizza'}, {'alias': 'sandwiches', 'title': 'Sandwiches'}]",2.0,39.7328948974609,-74.2376861572266,21 S Main St,,,Barnegat,NJ,08005,$
46,GaPMgtqB7VOtTy_22IVaPA,Philly Pretzel Factory,False,https://www.yelp.com/biz/philly-pretzel-factory-stafford-township?adjust_creative=4eucNo6rT7PNhkEzgMEKJQ&utm_campaign=yelp_api_v3&utm_medium=api_v3_business_search&utm_source=4eucNo6rT7PNhkEzgMEKJQ,7,"[{'alias': 'bakeries', 'title': 'Bakeries'}, {'alias': 'pretzels', 'title': 'Pretzels'}, {'alias': 'hotdog', 'title': 'Hot Dogs'}]",2.5,39.6893069,-74.2450084,412 East Bay Ave,,,Stafford Township,NJ,08050,$
47,zdDGGZlW937ACVmbedGrBA,Golden Jade,False,https://www.yelp.com/biz/golden-jade-manahawkin?adjust_creative=4eucNo6rT7PNhkEzgMEKJQ&utm_campaign=yelp_api_v3&utm_medium=api_v3_business_search&utm_source=4eucNo6rT7PNhkEzgMEKJQ,22,"[{'alias': 'chinese', 'title': 'Chinese'}]",2.0,39.706691,-74.276422,601 Washington Ave,,Manahawkin Commons Shopping Center,Manahawkin,NJ,08050,$$
48,78UO-Qgt-Ja0RFIRHWxPDg,Pro Shop,False,https://www.yelp.com/biz/pro-shop-beach-haven?adjust_creative=4eucNo6rT7PNhkEzgMEKJQ&utm_campaign=yelp_api_v3&utm_medium=api_v3_business_search&utm_source=4eucNo6rT7PNhkEzgMEKJQ,1,"[{'alias': 'delis', 'title': 'Delis'}]",1.0,39.595861,-74.216481,11106 Long Beach Blvd,,,Beach Haven,NJ,08008,
49,_tTGWLMYPHBh2iCeOmscQg,Bella Christina's Trattoria,False,https://www.yelp.com/biz/bella-christinas-trattoria-stafford-township?adjust_creative=4eucNo6rT7PNhkEzgMEKJQ&utm_campaign=yelp_api_v3&utm_medium=api_v3_business_search&utm_source=4eucNo6rT7PNhkEzgMEKJQ,14,"[{'alias': 'restaurants', 'title': 'Restaurants'}]",2.5,39.683601,-74.246468,511 Rt 72 E,,,Stafford Township,NJ,08050,$$$
